MULTIPOLYGON (((-728859.09 -1042084.01,-728858.65 -1042083.94,-728856 -1042083.45,-728856.3 -1042081.83,-728852.33 -1042081.09,-728852.03 -1042082.71,-728847.26 -1042081.82,-728846.47 -1042086.07,-728846.8 -1042086.13,-728846.58 -1042087.32,-728848.2 -1042087.6,-728847.71 -1042090.36,-728857.65 -1042092.13,-728859.09 -1042084.01)))
MULTIPOLYGON (((-728892.62 -1042057.64,-728888.22 -1042057.15,-728888.42 -1042055.39,-728885.31 -1042054.97,-728885.11 -1042056.8,-728882.46 -1042056.51,-728881.23 -1042066.01,-728891.44 -1042067.26,-728892.62 -1042057.64)))
MULTIPOLYGON (((-728946.61 -1042099.07,-728937.19 -1042097.42,-728936.85 -1042099.18,-728934.55 -1042098.74,-728933.44 -1042104.83,-728935.69 -1042105.26,-728935.34 -1042107.11,-728944.82 -1042108.76,-728946.61 -1042099.07)))
MULTIPOLYGON (((-728975.81 -1042100.61,-728971.06 -1042099.68,-728970.77 -1042101.19,-728966.51 -1042100.37,-728964.81 -1042110.32,-728969.93 -1042111.33,-728970.59 -1042112.53,-728971.89 -1042112.74,-728972.81 -1042111.89,-728973.88 -1042112.1,-728975.81 -1042100.61)))
MULTIPOLYGON (((-729002.39 -1042091.82,-729000.09 -1042091.54,-729000.3 -1042089.66,-728994.24 -1042088.89,-728994.02 -1042090.85,-728991.49 -1042090.56,-728991.05 -1042093.85,-728986.55 -1042093.22,-728985.76 -1042099.21,-728990.76 -1042099.87,-728993.78 -1042100.27,-728993.58 -1042102.23,-728997.98 -1042102.77,-728998.22 -1042100.83,-729001.29 -1042101.11,-729002.39 -1042091.82)))
MULTIPOLYGON (((-728980.1 -1042133.45,-728980.5 -1042131.22,-728973.42 -1042129.94,-728972.14 -1042137.06,-728977.48 -1042138,-728979.24 -1042138.31,-728984.43 -1042139.23,-728985.29 -1042134.37,-728980.1 -1042133.45)))
MULTIPOLYGON (((-729014.95 -1042052.94,-729014.76 -1042054.96,-729010.91 -1042054.53,-729009.16 -1042068.98,-729010.19 -1042070.18,-729016.92 -1042070.97,-729018.21 -1042070.05,-729020 -1042053.49,-729014.95 -1042052.94)))
MULTIPOLYGON (((-729336.37 -1042194.39,-729334.59 -1042185.85,-729328.58 -1042187.02,-729328.78 -1042188.15,-729325.44 -1042188.82,-729326.02 -1042191.59,-729326.39 -1042191.51,-729327.24 -1042195.83,-729331.42 -1042194.97,-729331.5 -1042195.36,-729336.37 -1042194.39)))
MULTIPOLYGON (((-729302.73 -1042187.05,-729305.04 -1042198.33,-729313.09 -1042196.68,-729311.18 -1042187.14,-729306.23 -1042188.14,-729305.88 -1042186.41,-729302.73 -1042187.05)))
MULTIPOLYGON (((-729302.73 -1042187.05,-729299.75 -1042187.66,-729300.1 -1042189.38,-729295.03 -1042190.41,-729296.92 -1042200,-729305.04 -1042198.33,-729302.73 -1042187.05)))
MULTIPOLYGON (((-729279.45 -1042193.25,-729276.89 -1042193.72,-729277.26 -1042195.05,-729271.74 -1042196.23,-729273.53 -1042204.79,-729281.52 -1042203.15,-729279.45 -1042193.25)))
MULTIPOLYGON (((-729239.79 -1042205.29,-729232.63 -1042206.76,-729229.31 -1042207.44,-729229.58 -1042208.75,-729228.62 -1042208.94,-729229.17 -1042211.85,-729232.49 -1042211.13,-729233.21 -1042214.88,-729236.91 -1042214.33,-729236.93 -1042214.44,-729241.66 -1042213.36,-729240.56 -1042207.68,-729240.27 -1042207.74,-729239.79 -1042205.29)))
MULTIPOLYGON (((-729215.12 -1042195.85,-729215.02 -1042195.26,-729214.98 -1042194.99,-729218.18 -1042194.5,-729217.1 -1042187.74,-729213.87 -1042188.28,-729211.99 -1042188.6,-729211.63 -1042186.53,-729211.42 -1042186.57,-729205.12 -1042187.67,-729205.43 -1042189.7,-729206.7 -1042197.28,-729215.12 -1042195.85)))
MULTIPOLYGON (((-729217.58 -1042174.68,-729217.87 -1042174.64,-729217.47 -1042172.2,-729217.2 -1042170.61,-729219.05 -1042170.33,-729218.99 -1042170.01,-729210.52 -1042171.31,-729203.48 -1042172.41,-729205.06 -1042181.95,-729214.33 -1042180.5,-729213.94 -1042178.01,-729218.81 -1042177.24,-729218.76 -1042176.93,-729217.95 -1042177.05,-729217.58 -1042174.68)))
MULTIPOLYGON (((-729207.61 -1042134.42,-729206.62 -1042134.58,-729196.43 -1042136.27,-729198.34 -1042147.85,-729200.13 -1042147.57,-729209.6 -1042146.02,-729209.14 -1042143.34,-729207.61 -1042134.42)))
MULTIPOLYGON (((-729236.2 -1042140.67,-729236.15 -1042140.29,-729235.31 -1042140.38,-729234.63 -1042132.59,-729231.73 -1042132.87,-729231.7 -1042132.57,-729229.48 -1042132.79,-729229.51 -1042133.09,-729226.61 -1042133.34,-729223.53 -1042133.65,-729224.3 -1042141.45,-729227.37 -1042141.14,-729231.13 -1042140.78,-729231.43 -1042144.49,-729233.89 -1042144.29,-729234.08 -1042146.66,-729236.71 -1042146.44,-729236.64 -1042145.91,-729236.2 -1042140.67)))
MULTIPOLYGON (((-729249.99 -1042131.55,-729245.86 -1042131.88,-729245.82 -1042131.45,-729240.87 -1042131.95,-729241.19 -1042135.48,-729239.03 -1042135.68,-729239.35 -1042138.87,-729241.48 -1042138.68,-729241.61 -1042140.05,-729246.04 -1042139.66,-729246.08 -1042140.11,-729250.75 -1042139.66,-729250.72 -1042139.09,-729249.99 -1042131.55)))
MULTIPOLYGON (((-729265.35 -1042135.91,-729264.77 -1042129.75,-729256.19 -1042130.56,-729256.37 -1042132.3,-729255.07 -1042132.43,-729255.21 -1042133.81,-729254 -1042133.94,-729254.16 -1042135.51,-729255.37 -1042135.39,-729255.52 -1042136.81,-729256.81 -1042136.68,-729257.13 -1042139.85,-729265.65 -1042139.05,-729265.35 -1042135.91)))
MULTIPOLYGON (((-729277.5 -1042136.36,-729276.74 -1042128.51,-729268.73 -1042129.35,-729264.77 -1042129.75,-729265.35 -1042135.91,-729269.36 -1042135.45,-729269.54 -1042137.15,-729277.5 -1042136.36)))
MULTIPOLYGON (((-729287.28 -1042136.28,-729289.88 -1042136.06,-729289.8 -1042135.23,-729290.76 -1042135.14,-729290.67 -1042134.18,-729295.32 -1042133.75,-729294.62 -1042126.89,-729285.08 -1042127.77,-729285.4 -1042131.15,-729285.77 -1042134.64,-729287.12 -1042134.51,-729287.28 -1042136.28)))
MULTIPOLYGON (((-729307.19 -1042132.51,-729306.47 -1042125.57,-729296.49 -1042126.56,-729297.32 -1042135.07,-729297.39 -1042135.75,-729299.85 -1042135.51,-729306.36 -1042134.86,-729306.15 -1042132.62,-729307.19 -1042132.51)))
MULTIPOLYGON (((-729325.19 -1042123.79,-729311.47 -1042125.21,-729312.09 -1042131.19,-729312.33 -1042134.09,-729314.7 -1042133.89,-729314.62 -1042133.01,-729316.53 -1042132.82,-729323.75 -1042132.1,-729323.54 -1042129.94,-729325.79 -1042129.77,-729325.19 -1042123.79)))
MULTIPOLYGON (((-729300.56 -1042057.28,-729294.65 -1042058.18,-729294.71 -1042058.54,-729287.07 -1042059.71,-729287.45 -1042061.88,-729292.9 -1042061.15,-729294.07 -1042068.43,-729298.56 -1042067.85,-729298.3 -1042065.79,-729301.77 -1042065.26,-729300.56 -1042057.28)))
MULTIPOLYGON (((-729308.56 -1042079.84,-729305.67 -1042071.75,-729305.02 -1042071.98,-729300.04 -1042073.77,-729302.73 -1042081.37,-729299.25 -1042082.55,-729300.84 -1042086.88,-729301.21 -1042086.76,-729304.68 -1042085.6,-729305.12 -1042086.8,-729307.17 -1042086.04,-729306.7 -1042084.79,-729309.93 -1042083.6,-729308.56 -1042079.84)))
MULTIPOLYGON (((-729315.6 -1042106.81,-729314.62 -1042097.4,-729305.11 -1042098.31,-729305.3 -1042100.78,-729303.56 -1042100.96,-729303.94 -1042104.48,-729305.66 -1042104.28,-729305.98 -1042107.73,-729315.6 -1042106.81)))
MULTIPOLYGON (((-729294.1 -1042108.89,-729293.36 -1042101.37,-729293.02 -1042098.26,-729282.14 -1042099.32,-729283.23 -1042109.93,-729283.64 -1042109.89,-729283.90452809 -1042109.93763424,-729284.171702912 -1042109.96699022,-729284.440262914 -1042109.97792932,-729284.708940148 -1042109.97039986,-729284.97646603 -1042109.94443744,-729285.241577446 -1042109.9001646,-729285.503022661 -1042109.83779041,-729285.759567239 -1042109.75760935,-729286.01 -1042109.66,-729287.01 -1042109.59,-729287.371994876 -1042109.62706185,-729287.735676466 -1042109.63929053,-729288.09934327 -1042109.62662882,-729288.461293727 -1042109.58913594,-729288.81983441 -1042109.52698733,-729289.173287713 -1042109.44047374,-729289.52 -1042109.33,-729290.6 -1042109.29,-729290.952589267 -1042109.31046386,-729291.305771778 -1042109.31066318,-729291.658383906 -1042109.29059735,-729292.009263784 -1042109.25033244,-729292.35725526 -1042109.19000114,-729292.701211804 -1042109.10980226,-729293.04 -1042109.01,-729294.1 -1042108.89)))
MULTIPOLYGON (((-729282.21 -1042110.28,-729281.28 -1042100.48,-729271.89 -1042101.41,-729272.84 -1042111.21,-729282.21 -1042110.28)))
MULTIPOLYGON (((-729265.7 -1042108.01,-729265.11 -1042101.77,-729254.28 -1042102.8,-729255.19 -1042112.04,-729259.31 -1042111.66,-729259.35 -1042112.14,-729264.29 -1042111.68,-729263.98 -1042108.13,-729265.7 -1042108.01)))
MULTIPOLYGON (((-729254.28 -1042102.8,-729253.38 -1042093.67,-729247.27 -1042094.25,-729248.27 -1042104.66,-729246.5 -1042104.89,-729246.28 -1042102.43,-729241.86 -1042102.87,-729242.3 -1042107.23,-729242.86 -1042113.08,-729247.32 -1042112.7,-729247.32 -1042113.27,-729252.67 -1042112.82,-729252.62 -1042112.36,-729255.19 -1042112.04,-729254.28 -1042102.8)))
MULTIPOLYGON (((-729237.28 -1042105.6,-729231.85 -1042106.11,-729231.49 -1042102.71,-729234.29 -1042102.43,-729233.62 -1042095.35,-729235.2 -1042095.2,-729234.67 -1042089.7,-729229.17 -1042090.24,-729229.72 -1042095.74,-729228.72 -1042095.81,-729229.38 -1042102.74,-729225.99 -1042103.07,-729226.54 -1042108.58,-729227.51 -1042108.5,-729228.09 -1042114.67,-729232.54 -1042114.25,-729232.6 -1042114.84,-729238.1 -1042114.31,-729237.28 -1042105.6)))
MULTIPOLYGON (((-729225.4 -1042106.48,-729225.04 -1042102.73,-729219.23 -1042103.27,-729219.4 -1042105.05,-729216.06 -1042105.37,-729216.22 -1042107.11,-729216.4 -1042109.06,-729215.25 -1042109.21,-729215.94 -1042116.27,-729220.93 -1042115.83,-729220.91 -1042115.66,-729225.26 -1042115.26,-729224.73 -1042109.81,-729225.71 -1042109.72,-729225.4 -1042106.48)))
MULTIPOLYGON (((-729192.34 -1042107.67,-729192.62 -1042111.53,-729191.73 -1042111.61,-729192.12 -1042116.39,-729192.46 -1042116.37,-729192.44 -1042115.96,-729193.28 -1042115.9,-729195.46 -1042115.74,-729195.49 -1042116.14,-729199.71 -1042115.8,-729199.75 -1042116.57,-729201.34 -1042117.47,-729204.33 -1042117.24,-729205.73 -1042116.1,-729205.64 -1042115.32,-729209.9 -1042114.98,-729208.81 -1042103.19,-729194.55 -1042104.37,-729194.77 -1042107.39,-729192.34 -1042107.67)))
MULTIPOLYGON (((-729190.39 -1042072.47,-729193.93 -1042071.79,-729191.99 -1042061.23,-729183.8 -1042062.65,-729185.23 -1042071.01,-729190.04 -1042070.14,-729190.39 -1042072.47)))
MULTIPOLYGON (((-729220.12 -1042046.51,-729219.75 -1042042.57,-729216.73 -1042042.86,-729216.89 -1042044.48,-729210.64 -1042045.03,-729211.52 -1042055.03,-729216.61 -1042054.53,-729217.46 -1042055.5,-729219.16 -1042055.38,-729219.91 -1042054.27,-729220.83 -1042054.19,-729220.12 -1042046.51)))
MULTIPOLYGON (((-729237.21 -1042042.7,-729235.26 -1042042.87,-729235.08 -1042041.13,-729230.41 -1042041.6,-729230.59 -1042043.35,-729228.58 -1042043.51,-729228.59 -1042043.72,-729226.39 -1042043.87,-729226.39 -1042043.97,-729223.33 -1042044.21,-729223.53 -1042046.3,-729224.23 -1042053.55,-729224.32 -1042054.62,-729227.44 -1042054.39,-729227.19 -1042051.48,-729229.39 -1042051.23,-729237.89 -1042050.46,-729237.21 -1042042.7)))
MULTIPOLYGON (((-729265.24 -1042049.96,-729264.18 -1042038.27,-729253.98 -1042039.31,-729254.75 -1042048.41,-729259.68 -1042047.99,-729259.91 -1042050.41,-729261.82 -1042050.25,-729265.24 -1042049.96)))
MULTIPOLYGON (((-729284.37 -1042043.24,-729283.31 -1042033.55,-729275.06 -1042034.36,-729275.9 -1042042.38,-729279.57 -1042042,-729279.67 -1042043.71,-729284.37 -1042043.24)))
MULTIPOLYGON (((-729300.88 -1042040.65,-729301.03 -1042040.64,-729300.27 -1042031.97,-729291.98 -1042032.76,-729292.21 -1042035.13,-729290.03 -1042035.24,-729290.28 -1042038.05,-729292.48 -1042037.85,-729292.79 -1042041.44,-729294.37 -1042041.19,-729294.7 -1042044.73,-729297.26 -1042044.49,-729301.28 -1042044.12,-729300.88 -1042040.65)))
MULTIPOLYGON (((-729165.46 -1042067.76,-729165.12 -1042067.82,-729164.62 -1042064.87,-729157.8 -1042066.07,-729158.39 -1042068.96,-729156.52 -1042069.28,-729158.03 -1042078.19,-729167.06 -1042076.66,-729165.46 -1042067.76)))
MULTIPOLYGON (((-729165.23 -1042054.84,-729163.57 -1042044.34,-729150.46 -1042046.52,-729152.17 -1042056.87,-729165.23 -1042054.84)))
MULTIPOLYGON (((-729103.31 -1042052.36,-729100.82 -1042052.57,-729100.66 -1042050.77,-729096.71 -1042051.09,-729096.87 -1042052.91,-729094.37 -1042053.13,-729095.12 -1042061.35,-729104.05 -1042060.54,-729103.31 -1042052.36)))
MULTIPOLYGON (((-729084.78 -1042052.76,-729080.13 -1042053.18,-729080.3 -1042055.02,-729076.51 -1042055.37,-729077.38 -1042064.96,-729087.46 -1042064.02,-729087.06 -1042059.77,-729087.21 -1042059.76,-729086.92 -1042056.68,-729086.77 -1042056.69,-729086.56 -1042054.43,-729084.95 -1042054.58,-729084.78 -1042052.76)))
MULTIPOLYGON (((-729069.34 -1042062.95,-729068.85 -1042059.04,-729068.61 -1042057.08,-729064.56 -1042057.49,-729064.46 -1042056.47,-729059.52 -1042056.95,-729059.62 -1042057.98,-729057.36 -1042058.21,-729057.81 -1042062.28,-729059.96 -1042062.02,-729060.26 -1042064.84,-729065.34 -1042064.31,-729065.24 -1042063.3,-729069.34 -1042062.95)))
MULTIPOLYGON (((-729052.56 -1042065.91,-729053.05 -1042065.3,-729052.22 -1042055.81,-729042.37 -1042056.67,-729042.53 -1042058.51,-729042.14 -1042058.54,-729042.97 -1042068.07,-729043.55 -1042068.02,-729046.86 -1042067.73,-729047.18 -1042071.49,-729050.69 -1042071.18,-729050.36 -1042067.42,-729051.44 -1042067.33,-729052.22 -1042067.97,-729053.35 -1042066.54,-729052.56 -1042065.91)))
MULTIPOLYGON (((-729079.79 -1042126.58,-729079.27 -1042118.88,-729075.52 -1042119.15,-729075.41 -1042117.62,-729074.03 -1042117.7,-729074.14 -1042119.24,-729069.41 -1042119.58,-729069.92 -1042127.22,-729079.79 -1042126.58)))
MULTIPOLYGON (((-729080.82 -1042109.81,-729081.21 -1042115.7,-729081.34 -1042117.59,-729082.34 -1042117.51,-729082.91 -1042126.41,-729092.08 -1042125.73,-729091.45 -1042116.54,-729089.53 -1042116.67,-729089.42 -1042114.88,-729086.56 -1042115.08,-729086.58 -1042115.37,-729085.47 -1042115.45,-729085.58 -1042116.94,-729084.16 -1042117.08,-729083.74 -1042109.59,-729080.82 -1042109.81)))
MULTIPOLYGON (((-729098.93 -1042125.2,-729107.85 -1042124.56,-729107.07 -1042113.97,-729105.18 -1042114.09,-729101.35 -1042114.4,-729101.37 -1042114.66,-729101.53 -1042116.66,-729101.66 -1042118.34,-729099.89 -1042118.44,-729100.05 -1042120.13,-729098.51 -1042120.26,-729098.93 -1042125.2)))
MULTIPOLYGON (((-729116.79 -1042123.8,-729116.41 -1042118.85,-729114.91 -1042118.96,-729114.77 -1042117.34,-729112.29 -1042117.51,-729112.17 -1042115.82,-729108.98 -1042116.04,-729108.85 -1042113.81,-729107.07 -1042113.97,-729107.85 -1042124.56,-729116.79 -1042123.8)))
MULTIPOLYGON (((-729132.84 -1042122.71,-729132.33 -1042115.83,-729130.53 -1042115.96,-729130.34 -1042113.39,-729126.63 -1042113.67,-729126.58 -1042112.95,-729122.97 -1042113.22,-729123.1 -1042115.01,-729123.72 -1042123.3,-729132.84 -1042122.71)))
MULTIPOLYGON (((-729148.31 -1042113.94,-729146.86 -1042098.3,-729140.55 -1042098.72,-729137.03 -1042098.95,-729137.44 -1042104.5,-729137.92 -1042110.93,-729138.31 -1042115.99,-729138.57 -1042119.59,-729138.77 -1042122.14,-729142.88 -1042121.84,-729142.9 -1042122.06,-729148.96 -1042121.61,-729148.31 -1042113.94)))
MULTIPOLYGON (((-729170.43 -1042120.34,-729171.69 -1042118.92,-729171.66 -1042118.42,-729175.87 -1042118.13,-729174.95 -1042106.45,-729160.75 -1042107.39,-729160.96 -1042110.4,-729158.55 -1042110.62,-729158.9 -1042114.71,-729161.35 -1042114.49,-729161.69 -1042119.1,-729165.92 -1042118.81,-729165.96 -1042119.4,-729167.5 -1042120.54,-729170.43 -1042120.34)))
MULTIPOLYGON (((-729118.26 -1042141.72,-729107.96 -1042142.51,-729108.42 -1042149.65,-729108.7 -1042153.99,-729119.01 -1042153.23,-729118.72 -1042148.81,-729118.4 -1042144.05,-729118.26 -1042141.72)))
MULTIPOLYGON (((-729128.86 -1042147.32,-729129.09 -1042149.63,-729132.66 -1042149.38,-729132.45 -1042146.72,-729136.74 -1042146.34,-729136.43 -1042140.45,-729132.26 -1042140.74,-729132.23 -1042140.27,-729126.25 -1042140.71,-729126.75 -1042147.48,-729128.86 -1042147.32)))
MULTIPOLYGON (((-729139.92 -1042155.21,-729140.06 -1042157.55,-729142.75 -1042157.36,-729142.28 -1042150.81,-729145.81 -1042150.56,-729145.63 -1042148.56,-729150.6 -1042148.17,-729149.99 -1042139.48,-729140.72 -1042140.18,-729141.22 -1042146.79,-729139.34 -1042146.96,-729139.92 -1042155.21)))
MULTIPOLYGON (((-729173.87 -1042149.05,-729173.77 -1042147.69,-729182.21 -1042147.13,-729180.62 -1042137.35,-729170.77 -1042138,-729170.96 -1042140.6,-729168.8 -1042140.76,-729169.29 -1042149.38,-729171.81 -1042149.2,-729173.87 -1042149.05)))
MULTIPOLYGON (((-729184.53 -1042161.49,-729174.34 -1042163.26,-729175.12 -1042167.85,-729178.43 -1042167.32,-729179.16 -1042171.73,-729186.06 -1042170.53,-729184.53 -1042161.49)))
MULTIPOLYGON (((-729187.03 -1042176.26,-729179.34 -1042177.63,-729179.75 -1042180.1,-729178.4 -1042180.33,-729178.31 -1042179.77,-729177.48 -1042179.92,-729175.12 -1042180.33,-729174.72 -1042177.93,-729171.08 -1042178.56,-729166.2 -1042179.33,-729166.63 -1042181.72,-729164.55 -1042182.08,-729165.74 -1042188.74,-729171.42 -1042187.72,-729171.18 -1042186.11,-729178.82 -1042184.79,-729179.11 -1042186.46,-729180.75 -1042186.19,-729188.43 -1042184.82,-729187.03 -1042176.26)))
MULTIPOLYGON (((-729189.71 -1042204.48,-729189.872267104 -1042204.40988853,-729190.029225483 -1042204.32858481,-729190.180104375 -1042204.23648813,-729190.324162751 -1042204.13405079,-729190.46069318 -1042204.02177578,-729190.589025169 -1042203.90021458,-729190.708528489 -1042203.7699641,-729190.818616241 -1042203.63166401,-729190.918747812 -1042203.4859935,-729191.008431464 -1042203.33366793,-729191.087226778 -1042203.17543542,-729191.154746741 -1042203.01207298,-729191.210659832 -1042202.84438291,-729191.254691392 -1042202.67318875,-729191.286625236 -1042202.49933115,-729191.306304544 -1042202.32366398,-729191.313632637 -1042202.1470499,-729191.308573544 -1042201.97035629,-729191.29115212 -1042201.79445085,-729191.261453897 -1042201.62019745,-729191.219624728 -1042201.44845185,-729191.16587007 -1042201.28005746,-729191.100453853 -1042201.1158413,-729191.023697376 -1042200.95660979,-729190.935977578 -1042200.80314493,-729190.837725222 -1042200.65620035,-729190.729422837 -1042200.51649773,-729190.611602306 -1042200.38472313,-729190.484842211 -1042200.26152363,-729190.349765062 -1042200.14750436,-729190.20703426 -1042200.04322517,-729190.057350725 -1042199.94919822,-729189.901449531 -1042199.86588526,-729189.740096331 -1042199.79369545,-729189.574083477 -1042199.73298326,-729189.404226303 -1042199.68404692,-729189.2313589 -1042199.64712669,-729189.0563303 -1042199.62240391,-729188.88 -1042199.61,-729188.02 -1042194.66,-729186.94 -1042194.85,-729178.19 -1042196.35,-729179.87 -1042206.2,-729181.44 -1042205.93,-729181.78 -1042207.86,-729186.16 -1042207.13,-729185.82 -1042205.16,-729189.71 -1042204.48)))
MULTIPOLYGON (((-729194.63 -1042221.46,-729193.6 -1042215.52,-729193.11 -1042215.61,-729192.74 -1042213.29,-729183.67 -1042214.82,-729184.87 -1042221.96,-729185.22 -1042224.07,-729190.68 -1042223.15,-729190.51 -1042222.16,-729194.63 -1042221.46)))
MULTIPOLYGON (((-729161.18 -1042216.23,-729158.26 -1042213.57,-729159.76 -1042211.9,-729158.29 -1042210.56,-729158.68 -1042210.08,-729156.2 -1042207.83,-729152.59 -1042211.74,-729152.01 -1042211.2,-729148.52 -1042214.94,-729149.12 -1042215.5,-729146.91 -1042217.89,-729153.72 -1042224.27,-729155.94 -1042221.88,-729156.57 -1042222.47,-729160.05 -1042218.75,-729159.4 -1042218.15,-729161.18 -1042216.23)))
MULTIPOLYGON (((-729127.83 -1042183.61,-729119.61 -1042176.16,-729118.33 -1042175,-729116.51 -1042176.98,-729110.51 -1042183.51,-729111.49 -1042184.38,-729110.41 -1042185.59,-729113.61 -1042188.53,-729114.73 -1042187.27,-729120.17 -1042192.12,-729127.83 -1042183.61)))
MULTIPOLYGON (((-729110.8 -1042172.06,-729105.84 -1042167.63,-729101.34 -1042163.61,-729098.49 -1042166.71,-729099.41 -1042167.53,-729096.33 -1042170.98,-729097.44 -1042171.98,-729100.61 -1042174.8,-729104.82 -1042178.57,-729110.8 -1042172.06)))
MULTIPOLYGON (((-729093.53 -1042152.88,-729091.24 -1042155.41,-729085.87 -1042161.33,-729092.12 -1042167.14,-729094.5 -1042164.55,-729095.88 -1042165.81,-729097.97 -1042163.52,-729097.31 -1042162.91,-729096.6 -1042162.26,-729097.53 -1042161.25,-729099.87 -1042158.71,-729093.53 -1042152.88)))
MULTIPOLYGON (((-729089.61 -1042151.2,-729087.06 -1042148.94,-729087.87 -1042148.02,-729084.4 -1042144.96,-729083.59 -1042145.87,-729081.77 -1042144.26,-729075.33 -1042151.56,-729082.99 -1042158.69,-729086.3 -1042154.95,-729087.42 -1042155.94,-729088.52 -1042154.7,-729087.39 -1042153.71,-729089.61 -1042151.2)))
MULTIPOLYGON (((-728921.49 -1042060.19,-728919.57 -1042059.97,-728919.67 -1042059.2,-728910.59 -1042058.12,-728909.56 -1042067.24,-728918.63 -1042068.25,-728919.3 -1042062.39,-728921.21 -1042062.6,-728921.49 -1042060.19)))
MULTIPOLYGON (((-729041.77 -1042113.04,-729041.65 -1042114.64,-729032.85 -1042113.99,-729032.11 -1042123.3,-729042.77 -1042124.09,-729042.87 -1042122.74,-729043.58 -1042113.16,-729041.77 -1042113.04)))
MULTIPOLYGON (((-728959.87 -1042059.33,-728962.79 -1042059.83,-728963.85 -1042053.93,-728951.66 -1042051.6,-728949.82 -1042061.63,-728959.13 -1042063.31,-728959.87 -1042059.33)))
MULTIPOLYGON (((-729047.12 -1042089.73,-729036.31 -1042088.42,-729035.77 -1042092.87,-729034.74 -1042101.32,-729037.22 -1042101.62,-729036.98 -1042103.65,-729043.2 -1042104.4,-729044.43 -1042094.29,-729046.6 -1042094.55,-729046.65 -1042094.18,-729047.12 -1042089.73)))
MULTIPOLYGON (((-729289.51 -1042201.47,-729287.55 -1042191.6,-729279.6 -1042193.22,-729281.67 -1042203.12,-729289.51 -1042201.47)))
MULTIPOLYGON (((-729139.06 -1042059.17,-729138.22 -1042050.2,-729129.23 -1042051.04,-729129.26 -1042051.39,-729127.19 -1042051.58,-729128 -1042060.19,-729139.06 -1042059.17)))
MULTIPOLYGON (((-728967.9 -1042219.31,-728969.46 -1042213.06,-728962.46 -1042211.29,-728956.47 -1042209.81,-728950.42 -1042208.29,-728948.95 -1042214.06,-728947.41 -1042220.29,-728945.96 -1042226.09,-728951.75 -1042227.56,-728951.45 -1042228.77,-728963.51 -1042231.8,-728966.69 -1042219.02,-728967.9 -1042219.31)))
MULTIPOLYGON (((-728990.46 -1042204.43,-728988.91 -1042210.54,-728987.43 -1042216.41,-728993.26 -1042217.92,-728992.97 -1042219.09,-729004.96 -1042222.14,-729008.25 -1042209.32,-729009.42 -1042209.62,-729011.01 -1042203.38,-729004.06 -1042201.63,-728998.05 -1042199.98,-728992.05 -1042198.46,-728990.46 -1042204.43)))
MULTIPOLYGON (((-728935.82 -1042126.38,-728921.06 -1042123.7,-728906.29 -1042121.02,-728904.37 -1042131.98,-728916.03 -1042134.09,-728919.18 -1042134.66,-728933.94 -1042137.33,-728948.7 -1042140,-728950.63 -1042129.08,-728935.82 -1042126.38)))
MULTIPOLYGON (((-728989.17 -1042154.01,-728959.37 -1042157.63,-728960.71 -1042168.7,-728975.62 -1042166.89,-729005.49 -1042163.26,-729005.15 -1042160.37,-729004.18 -1042152.12,-728989.17 -1042154.01)))
MULTIPOLYGON (((-728887.44 -1042086.91,-728885.85 -1042086.6,-728886.18 -1042084.84,-728880.67 -1042083.83,-728880.35 -1042085.59,-728877.65 -1042085.13,-728875.74 -1042095.42,-728885.58 -1042097.2,-728887.44 -1042086.91)))
MULTIPOLYGON (((-728988.47 -1042054.76,-728977.49 -1042053.21,-728976.2 -1042062.51,-728987.16 -1042063.97,-728988.47 -1042054.76)))
MULTIPOLYGON (((-728942.57 -1042174.95,-728941.76 -1042167.9,-728926.9 -1042169.73,-728912.02 -1042171.55,-728897.13 -1042173.38,-728897.68 -1042178.08,-728897.88 -1042179.72,-728898.19 -1042182.44,-728898.42 -1042184.42,-728907.9 -1042183.25,-728913.31 -1042182.59,-728928.19 -1042180.76,-728943.06 -1042178.93,-728942.57 -1042174.95)))
MULTIPOLYGON (((-729193.26 -1042056.89,-729193.07 -1042054.81,-729200.73 -1042054.1,-729199.76 -1042043.69,-729191.58 -1042044.45,-729191.68 -1042045.61,-729187.62 -1042045.98,-729188.67 -1042057.32,-729193.26 -1042056.89)))
MULTIPOLYGON (((-729118.15 -1042064.16,-729117.03 -1042052.22,-729110.46 -1042052.86,-729108.51 -1042053.05,-729109.21 -1042059.69,-729111.1 -1042059.51,-729111.61 -1042064.79,-729118.15 -1042064.16)))
MULTIPOLYGON (((-729138.6 -1042210.29,-729143.79 -1042204.69,-729136.44 -1042197.89,-729136.79 -1042197.52,-729132.31 -1042193.36,-729126.82 -1042199.31,-729135.37 -1042207.28,-729135.44 -1042208.66,-729136.86 -1042210.07,-729138.27 -1042209.98,-729138.6 -1042210.29)))
MULTIPOLYGON (((-729221.15 -1042214.18,-729219.27 -1042202.34,-729207.87 -1042204.16,-729208.66 -1042209.26,-729210.14 -1042209.04,-729210.57 -1042211.81,-729211.18 -1042215.77,-729212.37 -1042215.58,-729215.18 -1042215.13,-729221.15 -1042214.18)))
MULTIPOLYGON (((-728980.73 -1042202.06,-728983.53 -1042202.73,-728983.36 -1042203.58,-728986.81 -1042204.42,-728987.04 -1042203.57,-728989.26 -1042204.13,-728990.46 -1042204.43,-728992.05 -1042198.46,-728993.18 -1042193.91,-728993.41 -1042193.02,-728993.57 -1042192.42,-728993.84 -1042192.17,-729001.61 -1042189.93,-729001.68 -1042190.17,-729001.97 -1042190.09,-729000.18 -1042183.63,-728998.62 -1042184.08,-728986.1 -1042187.66,-728985.99 -1042187.12,-728985.35 -1042187.24,-728985.52 -1042187.82,-728980.32 -1042189.31,-728976.55 -1042190.39,-728976.39 -1042189.81,-728975.81 -1042189.97,-728977.77 -1042196.71,-728979.11 -1042196.36,-728980.73 -1042202.06)))
MULTIPOLYGON (((-729214.15 -1042158.4,-729213.83 -1042156.3,-729211.93 -1042155.68,-729211.43 -1042152.7,-729199.43 -1042154.62,-729201.07 -1042164.71,-729213.11 -1042162.72,-729212.59 -1042159.7,-729214.15 -1042158.4)))
MULTIPOLYGON (((-729336.87 -1042157.24,-729335.45 -1042150.9,-729335.1 -1042149.33,-729334.96 -1042148.7,-729319.36 -1042152.21,-729319.88 -1042154.54,-729318.93 -1042154.75,-729320.94 -1042164.02,-729329.76 -1042160.54,-729329.4 -1042158.94,-729336.87 -1042157.24)))
MULTIPOLYGON (((-729264.32 -1042206.05,-729262.32 -1042196.1,-729250.34 -1042198.45,-729251.5 -1042204.2,-729253.55 -1042203.79,-729254.01 -1042206.12,-729254.39 -1042207.99,-729264.32 -1042206.05)))
MULTIPOLYGON (((-728911.26 -1042077.15,-728911.11 -1042079.37,-728908.07 -1042079.16,-728907.37 -1042089.09,-728917.25 -1042089.79,-728918.17 -1042077.68,-728911.26 -1042077.15)))
MULTIPOLYGON (((-729056.64 -1042128.24,-729063.87 -1042127.71,-729063.82 -1042127.24,-729068.16 -1042126.93,-729067.51 -1042117.76,-729059.08 -1042118.39,-729059.1 -1042118.68,-729055.98 -1042118.89,-729056.64 -1042128.24)))
MULTIPOLYGON (((-728895.5 -1042154.53,-728895.07 -1042157.93,-728900.98 -1042158.68,-728901.35 -1042155.82,-728901.42 -1042155.28,-728895.5 -1042154.53)))
MULTIPOLYGON (((-729046.78 -1042076.74,-729037.88 -1042075.68,-729037.05 -1042082.63,-729045.98 -1042083.69,-729046.78 -1042076.74)))
MULTIPOLYGON (((-729155.26 -1042067.47,-729154.71 -1042063.8,-729147.65 -1042065.01,-729148.2 -1042068.68,-729148.51 -1042070.43,-729154.77 -1042069.33,-729155.26 -1042067.47)))
MULTIPOLYGON (((-728900.98 -1042158.68,-728895.07 -1042157.93,-728894.64 -1042161.33,-728900.55 -1042162.08,-728900.98 -1042158.68)))
MULTIPOLYGON (((-728902.71 -1042145.11,-728896.78 -1042144.35,-728896.36 -1042147.75,-728902.28 -1042148.5,-728902.71 -1042145.11)))
MULTIPOLYGON (((-729301.25 -1042156.47,-729300.85 -1042154.54,-729296.97 -1042155.36,-729297.38 -1042157.28,-729301.25 -1042156.47)))
MULTIPOLYGON (((-729223.49 -1042198.51,-729219.91 -1042199.23,-729221.3 -1042206.19,-729224.88 -1042205.47,-729223.49 -1042198.51)))
MULTIPOLYGON (((-728894.64 -1042161.33,-728894.21 -1042164.71,-728900.12 -1042165.46,-728900.55 -1042162.08,-728894.64 -1042161.33)))
MULTIPOLYGON (((-728901.84 -1042151.94,-728895.92 -1042151.18,-728895.5 -1042154.53,-728901.42 -1042155.28,-728901.84 -1042151.94)))
MULTIPOLYGON (((-729129 -1042165.22,-729128.26 -1042154.57,-729124.47 -1042154.89,-729125.34 -1042165.51,-729129 -1042165.22)))
MULTIPOLYGON (((-729073.59 -1042080.16,-729064.27 -1042081.01,-729064.98 -1042088.63,-729074.32 -1042087.87,-729073.59 -1042080.16)))
MULTIPOLYGON (((-728882.15 -1042159.25,-728876.19 -1042158.56,-728875.83 -1042161.54,-728881.79 -1042162.23,-728882.15 -1042159.25)))
MULTIPOLYGON (((-728882.51 -1042156.27,-728876.56 -1042155.58,-728876.19 -1042158.56,-728882.15 -1042159.25,-728882.51 -1042156.27)))
