MULTIPOLYGON (((-731227.55 -1042362.83,-731220.78 -1042362.41,-731219.41 -1042363.6,-731219.01 -1042370.18,-731219.45 -1042370.2,-731219.3 -1042372.77,-731218.84 -1042372.75,-731218.6 -1042376.3,-731217.53 -1042376.29,-731216.89 -1042376.86,-731216.67 -1042380.05,-731232.09 -1042381,-731231.66 -1042380.48,-731231.89 -1042376.37,-731236.23 -1042376.62,-731236.13 -1042378.46,-731236.38 -1042378.47,-731236.49 -1042376.67,-731236.61 -1042374.63,-731237.26 -1042363.92,-731237.33 -1042362.73,-731237.38 -1042362.06,-731234.19 -1042361.86,-731233.56 -1042362.43,-731233.49 -1042363.18,-731229.92 -1042362.96,-731229.87 -1042363.5,-731227.5 -1042363.37,-731227.55 -1042362.83)))
MULTIPOLYGON (((-731237.26 -1042363.92,-731236.61 -1042374.63,-731236.49 -1042376.67,-731236.38 -1042378.47,-731239.14 -1042378.63,-731239.14 -1042378.73,-731248.52 -1042379.3,-731248.53 -1042379.09,-731251.46 -1042379.28,-731252.49 -1042362.95,-731246.18 -1042362.55,-731246.12 -1042362.98,-731243.57 -1042362.8,-731243.6 -1042362.38,-731237.38 -1042362.06,-731237.33 -1042362.73,-731237.26 -1042363.92)))
MULTIPOLYGON (((-731263.77 -1042380.07,-731266.68 -1042380.25,-731267.63 -1042365.26,-731267.66 -1042364.64,-731267.71 -1042363.89,-731261.39 -1042363.51,-731261.37 -1042363.91,-731258.75 -1042363.74,-731258.81 -1042363.34,-731252.49 -1042362.95,-731251.46 -1042379.28,-731254.36 -1042379.47,-731254.35 -1042379.68,-731263.76 -1042380.28,-731263.77 -1042380.07)))
MULTIPOLYGON (((-731272.8 -1042366.6,-731272.89 -1042365.61,-731267.63 -1042365.26,-731266.68 -1042380.25,-731269.34 -1042380.41,-731269.29 -1042381.08,-731282.39 -1042381.91,-731284.31 -1042382.03,-731284.3 -1042382.2,-731284.68 -1042382.21,-731285.62 -1042367.42,-731285.64 -1042367.12,-731284.42 -1042365.74,-731279.31 -1042365.43,-731279.21 -1042367,-731272.8 -1042366.6)))
MULTIPOLYGON (((-731216.48 -1042382.84,-731216.27 -1042382.83,-731215.69 -1042392.21,-731215.94 -1042392.22,-731215.75 -1042395.03,-731232.08 -1042396.02,-731232.48 -1042389.84,-731232.03 -1042389.81,-731232.19 -1042387.21,-731232.65 -1042387.23,-731232.98 -1042382.03,-731232.25 -1042381.18,-731232.09 -1042381,-731216.67 -1042380.05,-731216.48 -1042382.84)))
MULTIPOLYGON (((-731230.56 -1042411.11,-731231.09 -1042411.15,-731231.51 -1042404.83,-731231.08 -1042404.8,-731231.25 -1042402.19,-731231.68 -1042402.22,-731232.08 -1042396.02,-731215.75 -1042395.03,-731215.56 -1042397.81,-731215.34 -1042397.79,-731214.74 -1042407.19,-731214.98 -1042407.2,-731214.78 -1042410.13,-731215.54 -1042410.18,-731216.46 -1042410.23,-731217.32 -1042410.29,-731230.56 -1042411.11)))
MULTIPOLYGON (((-731215.54 -1042410.18,-731215.4 -1042413.11,-731214.78 -1042413.07,-731213.92 -1042428.23,-731215.51 -1042428.33,-731215.71 -1042428.34,-731230.04 -1042429.24,-731230.43 -1042423.05,-731229.75 -1042423.01,-731228.74 -1042422.94,-731229.16 -1042416.56,-731230.05 -1042416.61,-731230.23 -1042416.63,-731230.56 -1042411.11,-731217.32 -1042410.29,-731216.46 -1042410.23,-731215.54 -1042410.18)))
MULTIPOLYGON (((-731228.23 -1042446.85,-731228.96 -1042446.2,-731229.39 -1042439.49,-731228.7 -1042439.44,-731228.96 -1042435.38,-731229.65 -1042435.43,-731230.04 -1042429.24,-731215.71 -1042428.34,-731215.51 -1042428.33,-731213.92 -1042428.23,-731213.72 -1042431.44,-731214.23 -1042432.08,-731214.95 -1042432.17,-731214.86 -1042434.21,-731214.45 -1042434.17,-731214.06 -1042440.47,-731214.52 -1042440.5,-731214.38 -1042442.46,-731213.61 -1042442.45,-731212.96 -1042442.99,-731212.78 -1042445.49,-731213.23 -1042446.24,-731225.36 -1042447.02,-731227.85 -1042447.19,-731228.23 -1042446.85)))
MULTIPOLYGON (((-731227.07 -1042451.68,-731227.31 -1042447.66,-731227.85 -1042447.19,-731225.36 -1042447.02,-731213.23 -1042446.24,-731212.7 -1042446.89,-731212.56 -1042449.4,-731213.11 -1042450.03,-731213.88 -1042450.11,-731213.64 -1042453.66,-731214.15 -1042453.69,-731214 -1042456.09,-731213.5 -1042456.06,-731213.06 -1042462.88,-731214.23 -1042464.17,-731220.83 -1042464.59,-731220.87 -1042464.12,-731223.46 -1042464.3,-731223.43 -1042464.78,-731226.98 -1042465.01,-731226.94 -1042466.1,-731227.52 -1042466.72,-731230.73 -1042466.92,-731231.6 -1042453.33,-731231.7 -1042451.72,-731231.72 -1042451.44,-731231.15 -1042451.93,-731227.07 -1042451.68)))
MULTIPOLYGON (((-731246.88 -1042452.94,-731246.89 -1042452.77,-731245.63 -1042451.39,-731240.54 -1042451.08,-731240.51 -1042451.5,-731237.94 -1042451.4,-731237.95 -1042450.91,-731232.74 -1042450.56,-731231.72 -1042451.44,-731231.7 -1042451.72,-731231.6 -1042453.33,-731230.73 -1042466.92,-731233.51 -1042467.09,-731233.49 -1042467.31,-731242.88 -1042467.92,-731242.89 -1042467.68,-731245.56 -1042467.85,-731245.55 -1042467.98,-731245.92 -1042468.01,-731246.02 -1042466.56,-731246.88 -1042452.94)))
MULTIPOLYGON (((-731261.94 -1042453.24,-731261 -1042468.42,-731261.33 -1042468.44,-731261.35 -1042468.29,-731262.16 -1042468.35,-731264.04 -1042468.48,-731264.02 -1042468.74,-731273.39 -1042469.34,-731273.4 -1042469.16,-731276.2 -1042469.35,-731277.19 -1042453.33,-731277.21 -1042452.91,-731271.08 -1042452.52,-731271.05 -1042452.9,-731268.45 -1042452.75,-731268.46 -1042452.35,-731265.87 -1042452.17,-731263.38 -1042452,-731261.94 -1042453.24)))
MULTIPOLYGON (((-731279.4 -1042469.68,-731280.03 -1042469.1,-731280.11 -1042468.34,-731282.06 -1042468.49,-731282.02 -1042468.93,-731288.41 -1042469.34,-731288.44 -1042468.88,-731290.4 -1042469.01,-731290.38 -1042469.79,-731290.94 -1042470.43,-731293.44 -1042470.6,-731294.17 -1042470.15,-731295.09 -1042455.46,-731294.15 -1042454.4,-731290.5 -1042454.15,-731287.48 -1042453.94,-731287.44 -1042454.61,-731283.37 -1042454.32,-731283.38 -1042453.69,-731277.19 -1042453.33,-731276.2 -1042469.35,-731276.2 -1042469.47,-731279.4 -1042469.68)))
MULTIPOLYGON (((-731348.02 -1042382.88,-731347.67 -1042388.27,-731362.69 -1042389.25,-731362.86 -1042386.47,-731363.51 -1042386.51,-731364.57 -1042371.11,-731363.38 -1042371.04,-731362.41 -1042370.98,-731349.85 -1042370.18,-731349.01 -1042370.13,-731348.21 -1042370.08,-731347.82 -1042376.48,-731348.61 -1042376.52,-731349.5 -1042376.58,-731349.11 -1042382.94,-731348.2 -1042382.9,-731348.02 -1042382.88)))
MULTIPOLYGON (((-731348.03 -1042400.11,-731347.12 -1042400.05,-731346.33 -1042400.01,-731345.95 -1042406.2,-731362.2 -1042407.25,-731363.16 -1042392.07,-731362.51 -1042392.03,-731362.69 -1042389.25,-731347.67 -1042388.27,-731347.32 -1042393.66,-731347.53 -1042393.68,-731348.44 -1042393.76,-731348.03 -1042400.11)))
MULTIPOLYGON (((-731361.24 -1042422.42,-731362.2 -1042407.25,-731345.95 -1042406.2,-731345.56 -1042412.41,-731346.37 -1042412.45,-731347.13 -1042412.5,-731346.71 -1042418.87,-731345.96 -1042418.85,-731345.75 -1042418.83,-731345.41 -1042424.26,-731360.31 -1042425.29,-731360.44 -1042422.36,-731361.24 -1042422.42)))
MULTIPOLYGON (((-731345.41 -1042424.26,-731344.73 -1042424.26,-731344.02 -1042424.21,-731343.62 -1042430.6,-731344.06 -1042430.62,-731343.07 -1042439.38,-731359.42 -1042440.35,-731359.6 -1042437.56,-731359.83 -1042437.59,-731360.43 -1042428.24,-731360.18 -1042428.21,-731360.31 -1042425.29,-731345.41 -1042424.26)))
MULTIPOLYGON (((-731342.86 -1042454.59,-731344.06 -1042454.66,-731354.85 -1042455.34,-731356.8 -1042455.47,-731358.46 -1042455.57,-731358.64 -1042452.55,-731358.89 -1042452.56,-731359.49 -1042443.2,-731359.24 -1042443.17,-731359.42 -1042440.35,-731343.07 -1042439.38,-731342.69 -1042445.55,-731343.11 -1042445.59,-731342.95 -1042448.18,-731342.52 -1042448.16,-731342.11 -1042454.54,-731342.86 -1042454.59)))
MULTIPOLYGON (((-731344.06 -1042454.66,-731342.86 -1042454.59,-731342.11 -1042454.54,-731342.02 -1042457.57,-731342.57 -1042458.21,-731343.33 -1042458.25,-731343.11 -1042461.8,-731343.66 -1042461.84,-731343.52 -1042464.23,-731343.04 -1042464.2,-731342.63 -1042470.96,-731343.8 -1042472.28,-731350.33 -1042472.68,-731350.36 -1042472.22,-731352.97 -1042472.38,-731352.94 -1042472.93,-731356.45 -1042473.15,-731356.37 -1042474.22,-731356.99 -1042474.86,-731360 -1042475.05,-731360.16 -1042472.87,-731360.84 -1042461.51,-731360.93 -1042460.09,-731356.53 -1042459.82,-731356.8 -1042455.47,-731354.85 -1042455.34,-731344.06 -1042454.66)))
MULTIPOLYGON (((-731360.16 -1042472.87,-731360 -1042475.05,-731363.01 -1042475.22,-731362.99 -1042475.47,-731372.36 -1042476.08,-731372.39 -1042475.84,-731375.15 -1042476.02,-731376.13 -1042459.64,-731362.14 -1042458.75,-731361.35 -1042459.47,-731360.94 -1042459.82,-731360.93 -1042460.09,-731360.84 -1042461.51,-731360.16 -1042472.87)))
MULTIPOLYGON (((-731395.98 -1042459.5,-731395.87 -1042458.81,-731396.04 -1042458.56,-731395.5 -1042458.17,-731383.18 -1042449.58,-731380.38 -1042453.58,-731380.78 -1042455.98,-731383.1 -1042457.6,-731381.47 -1042459.9,-731381.4 -1042459.98,-731376.13 -1042459.64,-731375.15 -1042476.02,-731378.35 -1042476.22,-731379.05 -1042475.7,-731379.12 -1042474.56,-731383.46 -1042474.81,-731384.52 -1042473.4,-731390.1 -1042465.42,-731389.7 -1042465.16,-731391.05 -1042463.19,-731391.52 -1042463.47,-731393.07 -1042461.26,-731393.71 -1042461.71,-731394.55 -1042461.55,-731395.98 -1042459.5)))
MULTIPOLYGON (((-731406.44 -1042443.69,-731406.52 -1042443.57,-731393.59 -1042434.72,-731393.08 -1042434.37,-731389.53 -1042439.48,-731390.2 -1042439.91,-731390.93 -1042440.44,-731387.27 -1042445.69,-731386.52 -1042445.17,-731386.34 -1042445.04,-731383.18 -1042449.58,-731395.5 -1042458.17,-731395.67 -1042457.92,-731397.17 -1042455.77,-731397.74 -1042456.16,-731406.44 -1042443.69)))
MULTIPOLYGON (((-731408.72 -1042441.39,-731408.57 -1042440.54,-731407.93 -1042440.1,-731409.07 -1042438.49,-731409.44 -1042438.73,-731413.1 -1042433.5,-731412.74 -1042433.24,-731413.86 -1042431.65,-731414.51 -1042432.02,-731415.35 -1042431.9,-731416.78 -1042429.84,-731416.7 -1042429.1,-731416.87 -1042428.85,-731415.74 -1042428.06,-731406.46 -1042421.51,-731405.05 -1042420.54,-731404.26 -1042420.68,-731403.28 -1042420.86,-731399.47 -1042426.28,-731400.05 -1042426.68,-731397.71 -1042430.04,-731397.3 -1042429.77,-731397.12 -1042429.64,-731393.59 -1042434.72,-731406.52 -1042443.57,-731407.28 -1042443.46,-731408.72 -1042441.39)))
MULTIPOLYGON (((-731417.48 -1042408.16,-731417.72 -1042407.81,-731414.76 -1042405.72,-731415.21 -1042405.07,-731415.05 -1042404.26,-731412.99 -1042402.83,-731412.34 -1042402.93,-731411.96 -1042403.48,-731411.53 -1042404.08,-731405.3 -1042412.94,-731404.14 -1042414.58,-731407.8 -1042417.1,-731405.45 -1042420.46,-731405.05 -1042420.54,-731406.46 -1042421.51,-731415.74 -1042428.06,-731416.87 -1042428.85,-731417.59 -1042428.7,-731419.02 -1042426.66,-731418.87 -1042425.82,-731418.25 -1042425.31,-731420.3 -1042422.43,-731419.9 -1042422.14,-731421.34 -1042419.97,-731421.71 -1042420.23,-731425.49 -1042414.83,-731425.2 -1042413.14,-731419.63 -1042409.25,-731419.44 -1042409.53,-731417.48 -1042408.16)))
MULTIPOLYGON (((-731387.97 -1042405.66,-731400.64 -1042414.44,-731401.01 -1042413.89,-731403.39 -1042415.7,-731404.14 -1042414.58,-731405.3 -1042412.94,-731411.53 -1042404.08,-731411.96 -1042403.48,-731412.34 -1042402.93,-731412.04 -1042402.73,-731411.79 -1042403.09,-731407.49 -1042400.08,-731407.36 -1042400.27,-731406.84 -1042400.97,-731401.62 -1042397.31,-731402.12 -1042396.58,-731402.59 -1042395.91,-731397.35 -1042392.27,-731396.89 -1042392.92,-731396.41 -1042393.62,-731388.48 -1042404.97,-731387.97 -1042405.66)))
MULTIPOLYGON (((-731298.04 -1042469.54,-731301.63 -1042469.68,-731301.66 -1042469.22,-731304.24 -1042469.38,-731304.22 -1042469.84,-731310.87 -1042470.28,-731312.18 -1042469.14,-731312.58 -1042462.31,-731312.08 -1042462.29,-731312.24 -1042459.85,-731312.79 -1042459.88,-731313 -1042456.33,-731313.77 -1042456.33,-731314.4 -1042455.78,-731314.56 -1042453.27,-731314.14 -1042452.56,-731313.71 -1042452.53,-731313.48 -1042452.52,-731312.74 -1042452.47,-731301.96 -1042451.81,-731300.37 -1042451.71,-731299.93 -1042451.68,-731299.65 -1042456.3,-731295.55 -1042455.98,-731295.09 -1042455.46,-731294.17 -1042470.15,-731294.82 -1042470.68,-731297.32 -1042470.85,-731298 -1042470.33,-731298.04 -1042469.54)))
MULTIPOLYGON (((-731299.19 -1042433.6,-731299.02 -1042436.39,-731298.23 -1042448.73,-731298.93 -1042448.78,-731298.79 -1042451.61,-731299.93 -1042451.68,-731300.37 -1042451.71,-731301.96 -1042451.81,-731312.74 -1042452.47,-731313.48 -1042452.52,-731313.71 -1042452.53,-731314.03 -1042447.14,-731313.84 -1042447.12,-731313.05 -1042447.08,-731313.45 -1042440.71,-731314.24 -1042440.78,-731315.02 -1042440.8,-731315.42 -1042434.6,-731299.19 -1042433.6)))
MULTIPOLYGON (((-731301.28 -1042415.57,-731301.05 -1042418.46,-731300.94 -1042418.46,-731300.14 -1042418.41,-731299.37 -1042430.8,-731299.19 -1042433.6,-731315.42 -1042434.6,-731315.82 -1042428.42,-731315 -1042428.38,-731314.12 -1042428.33,-731314.53 -1042421.96,-731315.44 -1042422.02,-731315.61 -1042422.04,-731315.97 -1042416.48,-731301.28 -1042415.57)))
MULTIPOLYGON (((-731301.28 -1042415.57,-731315.97 -1042416.48,-731316.37 -1042410.18,-731315.94 -1042410.15,-731316.11 -1042407.56,-731316.51 -1042407.58,-731316.9 -1042401.39,-731300.55 -1042400.34,-731300.37 -1042403.14,-731300.16 -1042403.13,-731299.55 -1042412.5,-731299.84 -1042412.54,-731299.63 -1042415.47,-731301.28 -1042415.57)))
MULTIPOLYGON (((-731317.85 -1042386.42,-731301.66 -1042385.38,-731301.56 -1042385.38,-731301.36 -1042388.17,-731301.12 -1042388.16,-731300.51 -1042397.5,-731300.74 -1042397.53,-731300.55 -1042400.34,-731316.9 -1042401.39,-731317.3 -1042395.2,-731316.88 -1042395.18,-731317.03 -1042392.58,-731317.44 -1042392.6,-731317.85 -1042386.42)))
MULTIPOLYGON (((-731317.85 -1042386.42,-731318.37 -1042378.76,-731317.73 -1042378.71,-731318 -1042374.59,-731318.62 -1042374.64,-731318.98 -1042369.54,-731317.8 -1042368.16,-731310.53 -1042367.69,-731304.21 -1042367.29,-731303.31 -1042367.23,-731303.27 -1042367.75,-731302.83 -1042368.14,-731302.68 -1042370.64,-731303.19 -1042371.28,-731304.02 -1042371.35,-731303.88 -1042373.3,-731303.41 -1042373.27,-731303 -1042379.66,-731303.42 -1042379.69,-731303.31 -1042381.66,-731302.55 -1042381.61,-731301.9 -1042382.18,-731301.66 -1042385.38,-731317.85 -1042386.42)))
MULTIPOLYGON (((-731278.1 -1042224.03,-731280.91 -1042224.32,-731283.93 -1042224.63,-731284.4 -1042221.33,-731285.4 -1042215.74,-731286.27 -1042212.34,-731286.751985914 -1042210.67256593,-731287.273358324 -1042209.01702441,-731287.833824336 -1042207.37430572,-731288.433068991 -1042205.74533284,-731289.07075555 -1042204.13102098,-731289.746525801 -1042202.53227731,-731290.46 -1042200.95,-731291.010322692 -1042199.81374307,-731291.578396931 -1042198.68625622,-731292.164082974 -1042197.56781682,-731292.767236769 -1042196.45869988,-731293.38770996 -1042195.35917821,-731294.025349976 -1042194.26952223,-731294.68 -1042193.19,-731278.34 -1042191.71,-731276.38 -1042195.82,-731274.91 -1042199.34,-731273.11 -1042204.28,-731272.84 -1042205.12,-731272.47 -1042206.3,-731271.01 -1042211.65,-731270.82 -1042212.63,-731270.27 -1042215.43,-731269.97 -1042216.95,-731269.11 -1042223.1,-731270.67 -1042223.26,-731273.86 -1042223.59,-731276.71 -1042223.88,-731278.1 -1042224.03)))
MULTIPOLYGON (((-731244.5 -1042238.92,-731244.88 -1042242.19,-731245.05 -1042243.21,-731245.82 -1042247.53,-731246.01 -1042248.43,-731247.9 -1042255.78,-731248.13 -1042256.52,-731247.27 -1042256.79,-731248.07 -1042259.48,-731248.98 -1042259.19,-731249.3 -1042260.21,-731251.02 -1042259.62,-731253.48 -1042258.73,-731259.46 -1042256.62,-731262.05 -1042255.71,-731262.25 -1042256.57,-731263.78 -1042256.09,-731263.47 -1042255.2,-731263.63 -1042255.15,-731269.03 -1042253.26,-731272.88 -1042251.91,-731280.85 -1042249.12,-731278.46 -1042241.72,-731270.34 -1042244.61,-731269.5 -1042244.91,-731261.43 -1042247.79,-731261.29 -1042247.39,-731260.67 -1042244.45,-731260.05 -1042240.93,-731259.59 -1042237.34,-731259.3 -1042233.78,-731259.17 -1042230.17,-731259.17 -1042229.57,-731259.22 -1042227.22,-731259.24 -1042226.38,-731244.04 -1042225.82,-731244.04 -1042230.37,-731244.17 -1042234.59,-731244.24 -1042235.43,-731243.27 -1042235.5,-731243.38 -1042237.07,-731244.35 -1042237,-731244.5 -1042238.92)))
MULTIPOLYGON (((-731456.89 -1042319.12,-731465.72 -1042306.5,-731453.26 -1042297.79,-731451.32 -1042295.27,-731450.78 -1042296.05,-731441.96 -1042308.68,-731456.89 -1042319.12)))
MULTIPOLYGON (((-731451.32 -1042295.27,-731448.28 -1042294.3,-731438.52 -1042287.47,-731436.57 -1042284.95,-731436.03 -1042285.73,-731427.2 -1042298.36,-731431.1 -1042301.09,-731438.08 -1042305.97,-731441.96 -1042308.68,-731450.78 -1042296.05,-731451.32 -1042295.27)))
MULTIPOLYGON (((-731427.2 -1042298.36,-731436.03 -1042285.73,-731436.57 -1042284.95,-731433.54 -1042283.99,-731423.75 -1042277.14,-731421.7 -1042274.55,-731421.18 -1042275.34,-731412.45 -1042287.81,-731412.34 -1042287.97,-731412.4 -1042288.02,-731416.33 -1042290.77,-731423.32 -1042295.65,-731427.2 -1042298.36)))
MULTIPOLYGON (((-731418.56 -1042273.51,-731411.07 -1042268.27,-731411.040023113 -1042268.12558232,-731411.000034667 -1042267.9836105,-731410.950230002 -1042267.84477761,-731410.890852213 -1042267.70976147,-731410.822191179 -1042267.57922131,-731410.744582116 -1042267.45379436,-731410.658403963 -1042267.33409306,-731410.564077437 -1042267.22070178,-731410.462063044 -1042267.1141741,-731410.352858871 -1042267.01503015,-731410.236998051 -1042266.92375392,-731410.115046233 -1042266.84079108,-731409.987598836 -1042266.76654664,-731409.855278045 -1042266.70138308,-731409.718729883 -1042266.64561859,-731409.57862103 -1042266.59952533,-731409.435635507 -1042266.56332842,-731409.290471405 -1042266.53720453,-731409.143837392 -1042266.52128124,-731408.996449441 -1042266.51563627,-731408.849027067 -1042266.52029717,-731408.702290058 -1042266.53524119,-731408.556954771 -1042266.56039536,-731408.41373077 -1042266.5956369,-731408.273317307 -1042266.64079374,-731408.136399925 -1042266.69564542,-731408.003647059 -1042266.75992414,-731407.875706822 -1042266.83331609,-731407.753203869 -1042266.91546294,-731407.636736274 -1042267.00596362,-731407.526872635 -1042267.10437635,-731407.424149364 -1042267.21022058,-731407.329067945 -1042267.32297963,-731407.242092579 -1042267.44210294,-731407.16364792 -1042267.56700894,-731407.094116926 -1042267.69708785,-731407.033839077 -1042267.83170456,-731406.98310864 -1042267.97020185,-731406.942173332 -1042268.11190358,-731406.911232948 -1042268.25611791,-731406.890438586 -1042268.40214077,-731406.879891783 -1042268.54925922,-731406.879643954 -1042268.69675504,-731406.889696414 -1042268.84390811,-731406.91 -1042268.99,-731400.96 -1042277.5,-731399.12 -1042278.48,-731399.9 -1042279.02,-731412.45 -1042287.81,-731421.18 -1042275.34,-731421.7 -1042274.55,-731418.56 -1042273.51)))
MULTIPOLYGON (((-731412.45 -1042287.81,-731399.9 -1042279.02,-731399.12 -1042278.48,-731398.83 -1042280.54,-731390.65 -1042292.25,-731388.81 -1042293.23,-731389.58 -1042293.77,-731402.21 -1042302.6,-731405.84 -1042297.35,-731408.82 -1042293.06,-731412.4 -1042288.02,-731412.34 -1042287.97,-731412.45 -1042287.81)))
MULTIPOLYGON (((-731388.81 -1042293.23,-731388.52 -1042295.3,-731380.35 -1042306.99,-731378.43 -1042308.07,-731379.2 -1042308.61,-731391.91 -1042317.47,-731395.61 -1042312.13,-731397.87 -1042308.86,-731402.21 -1042302.6,-731389.58 -1042293.77,-731388.81 -1042293.23)))
MULTIPOLYGON (((-731368.03 -1042322.94,-731368.81 -1042323.49,-731381.43 -1042332.31,-731385.13 -1042327.08,-731388.14 -1042322.81,-731391.91 -1042317.47,-731379.2 -1042308.61,-731378.43 -1042308.07,-731378.07 -1042310.24,-731369.88 -1042321.96,-731368.03 -1042322.94)))
MULTIPOLYGON (((-731381.43 -1042332.31,-731368.81 -1042323.49,-731368.03 -1042322.94,-731367.75 -1042325.01,-731358.32 -1042338.49,-731370.96 -1042347.32,-731379.76 -1042334.71,-731381.43 -1042332.31)))
MULTIPOLYGON (((-731393.17 -1042344.06,-731384.33 -1042356.68,-731394.34 -1042363.68,-731403.16 -1042351.06,-731393.17 -1042344.06)))
MULTIPOLYGON (((-731398.22 -1042366.4,-731405.21 -1042371.29,-731409.08 -1042374,-731417.91 -1042361.38,-731403.16 -1042351.06,-731394.34 -1042363.68,-731396.42 -1042365.14,-731398.22 -1042366.4)))
MULTIPOLYGON (((-731417.91 -1042361.38,-731409.08 -1042374,-731412.98 -1042376.73,-731419.97 -1042381.62,-731423.93 -1042384.39,-731432.76 -1042371.77,-731417.91 -1042361.38)))
MULTIPOLYGON (((-731432.76 -1042371.77,-731423.93 -1042384.39,-731437.02 -1042393.55,-731441.2 -1042392.82,-731448.2 -1042382.81,-731435.58 -1042373.98,-731432.88 -1042372.1,-731432.99 -1042371.94,-731432.76 -1042371.77)))
MULTIPOLYGON (((-731435.58 -1042373.98,-731448.2 -1042382.81,-731451.87 -1042377.57,-731454.86 -1042373.29,-731458.6 -1042367.95,-731445.98 -1042359.12,-731445.21 -1042358.57,-731444.85 -1042360.75,-731435.58 -1042373.98)))
MULTIPOLYGON (((-731455.32 -1042345.78,-731447.12 -1042357.49,-731445.21 -1042358.57,-731445.98 -1042359.12,-731458.6 -1042367.95,-731462.33 -1042362.62,-731465.34 -1042358.33,-731468.99 -1042353.1,-731456.39 -1042344.25,-731455.61 -1042343.71,-731455.32 -1042345.78)))
MULTIPOLYGON (((-731472.67 -1042347.85,-731475.67 -1042343.57,-731479.31 -1042338.35,-731466.71 -1042329.5,-731465.94 -1042328.95,-731465.65 -1042331.02,-731457.45 -1042342.73,-731455.61 -1042343.71,-731456.39 -1042344.25,-731468.99 -1042353.1,-731472.67 -1042347.85)))
MULTIPOLYGON (((-731479.31 -1042338.35,-731483 -1042333.09,-731485.99 -1042328.81,-731489.83 -1042323.32,-731477.22 -1042314.49,-731468.46 -1042326.99,-731467.78 -1042327.97,-731465.94 -1042328.95,-731466.71 -1042329.5,-731479.31 -1042338.35)))
MULTIPOLYGON (((-731509.4 -1042337.04,-731500.22 -1042350.17,-731498.19 -1042351.22,-731511.71 -1042360.67,-731513.48 -1042358.18,-731522.02 -1042345.92,-731509.4 -1042337.04)))
MULTIPOLYGON (((-731498.19 -1042351.22,-731497.9 -1042353.48,-731489.9 -1042364.95,-731487.85 -1042365.98,-731501.38 -1042375.45,-731511.71 -1042360.67,-731498.19 -1042351.22)))
MULTIPOLYGON (((-731487.85 -1042365.98,-731487.57 -1042368.25,-731479.6 -1042379.71,-731477.53 -1042380.89,-731490.99 -1042390.3,-731493.99 -1042386.02,-731498.26 -1042379.92,-731501.38 -1042375.45,-731487.85 -1042365.98)))
MULTIPOLYGON (((-731480.62 -1042405.16,-731490.99 -1042390.3,-731477.53 -1042380.89,-731477.13 -1042383.23,-731467.96 -1042396.31,-731480.62 -1042405.16)))
MULTIPOLYGON (((-731483.91 -1042407.46,-731483.74 -1042407.33,-731482.96 -1042408.34,-731479.88 -1042406.2,-731480.62 -1042405.16,-731467.96 -1042396.31,-731460.66 -1042406.76,-731461.31 -1042410.47,-731475.1 -1042420.09,-731483.91 -1042407.46)))
MULTIPOLYGON (((-731475.1 -1042420.09,-731477.46 -1042421.75,-731487.45 -1042428.71,-731488.58 -1042429.5,-731489.86 -1042430.39,-731498.67 -1042417.76,-731483.91 -1042407.46,-731475.1 -1042420.09)))
MULTIPOLYGON (((-731498.67 -1042417.76,-731489.86 -1042430.39,-731499.7 -1042437.26,-731508.51 -1042424.63,-731498.67 -1042417.76)))
MULTIPOLYGON (((-731508.51 -1042424.63,-731499.7 -1042437.26,-731510.17 -1042444.61,-731511.03 -1042443.39,-731518.11 -1042433.24,-731519.01 -1042431.95,-731508.51 -1042424.63)))
MULTIPOLYGON (((-731536.27 -1042374.7,-731545.11 -1042362.05,-731534.62 -1042354.72,-731533.77 -1042355.94,-731526.68 -1042366.04,-731525.78 -1042367.37,-731536.27 -1042374.7)))
MULTIPOLYGON (((-731545.11 -1042362.05,-731536.27 -1042374.7,-731546.11 -1042381.57,-731554.95 -1042368.93,-731545.11 -1042362.05)))
MULTIPOLYGON (((-731569.7 -1042379.24,-731554.95 -1042368.93,-731546.11 -1042381.57,-731548.59 -1042383.3,-731558.38 -1042390.15,-731560.86 -1042391.89,-731569.7 -1042379.24)))
MULTIPOLYGON (((-731564.23 -1042393.98,-731576.89 -1042402.81,-731584.03 -1042392.58,-731583.43 -1042388.83,-731569.7 -1042379.24,-731560.86 -1042391.89,-731561.05 -1042392,-731561.73 -1042391.06,-731564.8 -1042393.22,-731564.23 -1042393.98)))
MULTIPOLYGON (((-731553.87 -1042408.86,-731566.51 -1042417.68,-731569.6 -1042413.25,-731573.84 -1042407.18,-731576.89 -1042402.81,-731564.23 -1042393.98,-731553.87 -1042408.86)))
MULTIPOLYGON (((-731543.49 -1042423.71,-731556.13 -1042432.55,-731566.51 -1042417.68,-731553.87 -1042408.86,-731543.49 -1042423.71)))
MULTIPOLYGON (((-731545.83 -1042447.31,-731548.85 -1042442.98,-731553.09 -1042436.91,-731556.13 -1042432.55,-731543.49 -1042423.71,-731533.17 -1042438.46,-731545.83 -1042447.31)))
MULTIPOLYGON (((-731524.95 -1042454.92,-731533.24 -1042460.71,-731536.92 -1042460.07,-731545.83 -1042447.31,-731533.17 -1042438.46,-731524.6 -1042450.74,-731524.29 -1042451.18,-731524.95 -1042454.92)))
MULTIPOLYGON (((-731468.77 -1042254.72,-731464.9 -1042252,-731459.58 -1042248.27,-731450.03 -1042261.89,-731462.42 -1042270.57,-731471.94 -1042256.93,-731468.77 -1042254.72)))
MULTIPOLYGON (((-731452.65 -1042243.41,-731447.29 -1042239.66,-731437.75 -1042253.28,-731450.03 -1042261.89,-731459.58 -1042248.27,-731456.53 -1042246.13,-731452.65 -1042243.41)))
MULTIPOLYGON (((-731437.75 -1042253.28,-731447.29 -1042239.66,-731447.12 -1042239.54,-731446.45 -1042240.5,-731444.34 -1042239.02,-731444.77 -1042238.4,-731432.13 -1042229.57,-731431.14 -1042230.98,-731422.84 -1042242.84,-731424.83 -1042244.23,-731437.75 -1042253.28)))
MULTIPOLYGON (((-731432.13 -1042229.57,-731444.77 -1042238.4,-731453.6 -1042225.78,-731442.93 -1042218.33,-731440.96 -1042216.94,-731432.13 -1042229.57)))
MULTIPOLYGON (((-731603.03 -1042414.08,-731600.38 -1042417.88,-731599.87 -1042418.6,-731600.21 -1042420.64,-731600.58 -1042420.9,-731611.72 -1042428.7,-731611.89 -1042428.45,-731611.6 -1042428.25,-731613.65 -1042425.32,-731613.4 -1042425.14,-731618.31 -1042418.1,-731618.56 -1042418.29,-731620.76 -1042415.14,-731621.05 -1042415.34,-731621.22 -1042415.09,-731610.09 -1042407.3,-731609.75 -1042407.06,-731607.7 -1042407.41,-731607.19 -1042408.14,-731604.52 -1042411.95,-731603.03 -1042414.08)))
MULTIPOLYGON (((-731471.94 -1042256.93,-731462.42 -1042270.57,-731480.61 -1042283.31,-731492.99 -1042291.97,-731502.61 -1042278.37,-731497.34 -1042274.69,-731493.47 -1042271.99,-731471.94 -1042256.93)))
MULTIPOLYGON (((-731504.89 -1042276.83,-731503.39 -1042279,-731502.75 -1042278.47,-731502.61 -1042278.37,-731492.99 -1042291.97,-731506.58 -1042301.48,-731506.79 -1042301.19,-731507.03 -1042301.36,-731517.97 -1042285.74,-731504.02 -1042275.98,-731503.91 -1042276.14,-731504.89 -1042276.83)))
MULTIPOLYGON (((-731504.02 -1042275.98,-731517.97 -1042285.74,-731528.37 -1042270.9,-731514.43 -1042261.08,-731510.5 -1042266.71,-731507.82 -1042270.53,-731504.02 -1042275.98)))
MULTIPOLYGON (((-731519.59 -1042253.7,-731518.78 -1042254.86,-731514.54 -1042260.92,-731514.43 -1042261.08,-731528.37 -1042270.9,-731538.77 -1042256.06,-731524.79 -1042246.26,-731519.59 -1042253.7)))
MULTIPOLYGON (((-731525.89 -1042246.79,-731524.9 -1042246.1,-731524.79 -1042246.26,-731538.77 -1042256.06,-731549.01 -1042241.43,-731548.79 -1042241.27,-731549 -1042240.99,-731535.46 -1042231.49,-731526.53 -1042244.11,-731527.35 -1042244.68,-731525.89 -1042246.79)))
MULTIPOLYGON (((-731516.59 -1042237.11,-731526.53 -1042244.11,-731535.46 -1042231.49,-731525.44 -1042224.47,-731516.59 -1042237.11)))
MULTIPOLYGON (((-731643.46 -1042382.23,-731644.27 -1042382.78,-731644.4 -1042382.57,-731644.61 -1042382.72,-731644.78 -1042382.48,-731644.27 -1042382.12,-731644.05 -1042381.96,-731645.95 -1042379.26,-731646.17 -1042379.42,-731646.34 -1042379.18,-731645.09 -1042378.23,-731635.25 -1042371.34,-731634.96 -1042371.14,-731632.88 -1042371.5,-731629.71 -1042376.01,-731628.23 -1042378.13,-731625.05 -1042382.66,-731625.45 -1042384.76,-731625.72 -1042384.94,-731635.55 -1042391.83,-731636.9 -1042392.68,-731637.05 -1042392.45,-731636.83 -1042392.29,-731638.7 -1042389.58,-731638.94 -1042389.74,-731639.45 -1042390.1,-731639.61 -1042389.85,-731638.61 -1042389.14,-731643.46 -1042382.23)))
MULTIPOLYGON (((-731655.46 -1042263.9,-731642.03 -1042254.49,-731633.05 -1042248.23,-731625.16 -1042259.43,-731624.51 -1042260.4,-731627.78 -1042261.23,-731630.89 -1042263.38,-731636.49 -1042267.28,-731636.82 -1042267.52,-731637.023108628 -1042267.87807212,-731637.248686707 -1042268.2224314,-731637.495811969 -1042268.55166978,-731637.763473868 -1042268.86444107,-731638.050578028 -1042269.15946645,-731638.355950594 -1042269.43553957,-731638.678342909 -1042269.69153169,-731639.016436815 -1042269.9263961,-731639.368849903 -1042270.13917249,-731639.73414123 -1042270.32899088,-731640.110817224 -1042270.49507508,-731640.497337729 -1042270.63674608,-731640.892122334 -1042270.75342457,-731641.293556895 -1042270.84463353,-731641.7 -1042270.91,-731642.06 -1042271.17,-731642.39 -1042271.41,-731642.590445262 -1042271.76981315,-731642.813742125 -1042272.11590894,-731643.05895555 -1042272.4468382,-731643.325058699 -1042272.76121518,-731643.610937387 -1042273.05772346,-731643.915394485 -1042273.33512148,-731644.23715511 -1042273.59224769,-731644.574871957 -1042273.82802537,-731644.927130878 -1042274.04146725,-731645.292456865 -1042274.23167956,-731645.669320106 -1042274.39786583,-731646.056142568 -1042274.53933018,-731646.451304519 -1042274.65548019,-731646.853151185 -1042274.74582961,-731647.26 -1042274.81,-731647.61 -1042275.05,-731653.2 -1042278.96,-731656.28 -1042281.12,-731658.18 -1042283.9,-731658.83 -1042282.99,-731662.03 -1042285.24,-731669.61 -1042274.57,-731669.98 -1042274.05,-731669.66 -1042273.8,-731669.652026657 -1042273.66665315,-731669.63545268 -1042273.53410031,-731669.610347301 -1042273.4028956,-731669.576815516 -1042273.27358752,-731669.534997463 -1042273.14671671,-731669.485067993 -1042273.0228135,-731669.427235871 -1042272.90239587,-731669.361742824 -1042272.78596729,-731669.288862646 -1042272.67401445,-731669.208900034 -1042272.5670054,-731669.122189276 -1042272.46538748,-731669.029092852 -1042272.36958551,-731668.93 -1042272.28,-731668.824241909 -1042272.19956349,-731668.713506289 -1042272.12613039,-731668.598256171 -1042272.06000772,-731668.478973448 -1042272.00147194,-731668.356156945 -1042271.95076787,-731668.230320156 -1042271.90810752,-731668.101989277 -1042271.87366923,-731667.971700969 -1042271.84759705,-731667.84 -1042271.83,-731667.01 -1042271.95,-731655.46 -1042263.9)))
MULTIPOLYGON (((-731623.07 -1042241.28,-731607.72 -1042230.57,-731596.11 -1042222.44,-731588.25 -1042233.66,-731587.59 -1042234.6,-731590.87 -1042235.4,-731593.96 -1042237.54,-731599.43 -1042241.35,-731599.59 -1042241.5,-731599.89 -1042241.7,-731600.088599214 -1042242.06049772,-731600.310284592 -1042242.40727697,-731600.554112404 -1042242.73886144,-731600.81904456 -1042243.05383953,-731601.103953272 -1042243.35087031,-731601.407625586 -1042243.62868929,-731601.728768736 -1042243.8861137,-731602.066015541 -1042244.12204769,-731602.417930275 -1042244.33548683,-731602.783014804 -1042244.52552244,-731603.159714907 -1042244.69134554,-731603.546426862 -1042244.83225018,-731603.941504366 -1042244.94763647,-731604.343265542 -1042245.03701325,-731604.75 -1042245.1,-731605.04 -1042245.3,-731605.46 -1042245.6,-731605.662497885 -1042245.95776095,-731605.887444495 -1042246.30185001,-731606.133920252 -1042246.63086066,-731606.40091756 -1042246.9434478,-731606.687344909 -1042247.23833361,-731606.992031425 -1042247.51431262,-731607.313731521 -1042247.77025661,-731607.65113011 -1042248.00511926,-731608.00284788 -1042248.21794051,-731608.367447048 -1042248.4078503,-731608.743437111 -1042248.5740723,-731609.129281014 -1042248.71592697,-731609.523401468 -1042248.83283444,-731609.92418725 -1042248.92431679,-731610.33 -1042248.99,-731610.68 -1042249.23,-731616.25 -1042253.12,-731619.34 -1042255.29,-731620.69 -1042257.29,-731621.25 -1042258.12,-731621.92 -1042257.17,-731625.16 -1042259.43,-731633.05 -1042248.23,-731632.74 -1042248.01,-731632.736910618 -1042247.87433353,-731632.724342505 -1042247.73921509,-731632.702357173 -1042247.60530624,-731632.671062201 -1042247.47326243,-731632.630610824 -1042247.34373006,-731632.581201076 -1042247.2173433,-731632.523074835 -1042247.09472078,-731632.456516623 -1042246.97646281,-731632.381852269 -1042246.8631483,-731632.299447268 -1042246.75533196,-731632.209705064 -1042246.65354158,-731632.113064921 -1042246.55827549,-731632.01 -1042246.47,-731631.878151082 -1042246.38056611,-731631.740301674 -1042246.30069057,-731631.597143561 -1042246.23077416,-731631.449395001 -1042246.17116773,-731631.297797471 -1042246.12217036,-731631.143111616 -1042246.08402795,-731630.986113638 -1042246.05693185,-731630.827591389 -1042246.04101804,-731630.668340236 -1042246.0363664,-731630.509159386 -1042246.04300025,-731630.350847488 -1042246.06088628,-731630.194199019 -1042246.08993482,-731630.04 -1042246.13,-731623.07 -1042241.28)))
MULTIPOLYGON (((-731573.44 -1042223.19,-731573.8 -1042223.44,-731579.36 -1042227.34,-731582.48 -1042229.5,-731584.36 -1042232.33,-731585.01 -1042231.34,-731588.25 -1042233.66,-731596.11 -1042222.44,-731595.78 -1042222.22,-731595.774262772 -1042222.08597489,-731595.7596752 -1042221.95262255,-731595.736301154 -1042221.82052678,-731595.704242974 -1042221.69026583,-731595.663640946 -1042221.56240997,-731595.614672899 -1042221.43751892,-731595.557553142 -1042221.31613946,-731595.492531747 -1042221.19880292,-731595.419893384 -1042221.08602297,-731595.339956045 -1042220.97829339,-731595.253069664 -1042220.87608574,-731595.159614579 -1042220.77984752,-731595.06 -1042220.69,-731594.956744151 -1042220.61080559,-731594.848342979 -1042220.53881451,-731594.735298186 -1042220.4743599,-731594.618132859 -1042220.41773999,-731594.497389197 -1042220.36921683,-731594.373625964 -1042220.32901499,-731594.247415895 -1042220.29732045,-731594.119342999 -1042220.27427991,-731593.99 -1042220.26,-731593.12 -1042220.36,-731581.6 -1042212.27,-731581.08 -1042211.87,-731578.34 -1042211.65,-731574.63 -1042211.41,-731574.62 -1042211.24,-731570.38 -1042210.88,-731560.83 -1042210.06,-731555.62 -1042209.73,-731555.591425243 -1042209.72723219,-731555.562728012 -1042209.72643016,-731555.534043282 -1042209.72759774,-731555.505506158 -1042209.7307294,-731555.477250874 -1042209.7358104,-731555.449410498 -1042209.74281681,-731555.422116071 -1042209.75171566,-731555.39549604 -1042209.76246509,-731555.369675696 -1042209.77501449,-731555.34477663 -1042209.78930476,-731555.320915997 -1042209.80526865,-731555.298206091 -1042209.82283103,-731555.276753873 -1042209.84190926,-731555.256660253 -1042209.86241347,-731555.238019854 -1042209.88424721,-731555.220920414 -1042209.90730768,-731555.205442399 -1042209.93148634,-731555.191658676 -1042209.95666936,-731555.179634124 -1042209.98273823,-731555.169425338 -1042210.00957024,-731555.16108036 -1042210.0370391,-731555.154638499 -1042210.06501549,-731555.150130033 -1042210.09336776,-731555.147576243 -1042210.1219624,-731555.146989107 -1042210.15066487,-731555.148371398 -1042210.17934003,-731555.15171662 -1042210.20785293,-731555.157009035 -1042210.23606938,-731555.164223671 -1042210.2638565,-731555.173326641 -1042210.29108354,-731555.184275061 -1042210.31762236,-731555.197017431 -1042210.34334803,-731555.211493701 -1042210.36813942,-731555.227635801 -1042210.39187986,-731555.245367736 -1042210.41445762,-731555.264606029 -1042210.4357664,-731555.285260111 -1042210.45570594,-731555.307232797 -1042210.47418234,-731555.330420637 -1042210.49110864,-731555.354714456 -1042210.5064052,-731555.38 -1042210.52,-731555.66 -1042210.75,-731558.79 -1042212.93,-731562.56 -1042215.59,-731568.21 -1042219.53,-731568.58 -1042219.8,-731568.778926067 -1042220.15985815,-731569.000892703 -1042220.50597991,-731569.244955301 -1042220.83689219,-731569.510075062 -1042221.15118662,-731569.795123637 -1042221.44752556,-731570.09888789 -1042221.72464782,-731570.420074999 -1042221.98137397,-731570.75731799 -1042222.21661136,-731571.109181583 -1042222.42935884,-731571.474168211 -1042222.61871096,-731571.850724518 -1042222.78386185,-731572.237247884 -1042222.92410862,-731572.632093255 -1042223.03885435,-731573.033580207 -1042223.12761073,-731573.44 -1042223.19)))
MULTIPOLYGON (((-731613.85 -1042352.81,-731599.91 -1042342.99,-731598.36 -1042345.36,-731588.84 -1042358.98,-731599.45 -1042366.4,-731601.1 -1042367.55,-731601.02 -1042367.65,-731601.4 -1042367.92,-731601.48 -1042367.81,-731602.49 -1042368.52,-731602.72 -1042368.22,-731602.94 -1042368.39,-731604.2 -1042366.58,-731613.85 -1042352.81)))
MULTIPOLYGON (((-731606.37 -1042333.78,-731605.39 -1042333.05,-731604.15 -1042334.79,-731603.41 -1042335.9,-731603.360194055 -1042335.97773793,-731603.315996692 -1042336.05879597,-731603.277628183 -1042336.14277023,-731603.245279729 -1042336.22924215,-731603.219112545 -1042336.31778082,-731603.199257076 -1042336.40794498,-731603.185812235 -1042336.49928531,-731603.178845018 -1042336.59134656,-731603.178390205 -1042336.68366995,-731603.18445 -1042336.77579537,-731603.196994215 -1042336.86726373,-731603.215960383 -1042336.95761916,-731603.241253912 -1042337.04641134,-731603.272748798 -1042337.13319778,-731603.310288072 -1042337.21754599,-731603.353684634 -1042337.29903558,-731603.402722239 -1042337.37726048,-731603.457156479 -1042337.45183077,-731603.516716078 -1042337.52237485,-731603.581104217 -1042337.58854121,-731603.65 -1042337.65,-731599.91 -1042342.99,-731613.85 -1042352.81,-731624.25 -1042337.95,-731610.26 -1042328.22,-731606.37 -1042333.78)))
MULTIPOLYGON (((-731614.79 -1042321.75,-731610.4 -1042328.02,-731610.26 -1042328.22,-731624.25 -1042337.95,-731634.66 -1042323.09,-731620.68 -1042313.32,-731615.52 -1042320.71,-731614.79 -1042321.75)))
MULTIPOLYGON (((-731643.46 -1042307.05,-731641.81 -1042305.88,-731631.11 -1042298.4,-731620.68 -1042313.32,-731634.66 -1042323.09,-731644.88 -1042308.49,-731644.67 -1042308.34,-731644.87 -1042308.04,-731643.84 -1042307.32,-731643.93 -1042307.19,-731643.55 -1042306.92,-731643.46 -1042307.05)))
MULTIPOLYGON (((-731616.13 -1042287.93,-731604.78 -1042279.99,-731595.24 -1042293.62,-731607.7 -1042302.33,-731608.57 -1042301.08,-731615.68 -1042290.94,-731617.24 -1042288.71,-731616.13 -1042287.93)))
MULTIPOLYGON (((-731604.78 -1042279.99,-731592.49 -1042271.39,-731583.65 -1042284.02,-731583.78 -1042284.12,-731583.62 -1042284.32,-731583.38 -1042284.14,-731582.82 -1042284.94,-731595.24 -1042293.62,-731604.78 -1042279.99)))
MULTIPOLYGON (((-731592.49 -1042271.39,-731580.1 -1042262.72,-731571.24 -1042275.37,-731583.65 -1042284.02,-731592.49 -1042271.39)))
MULTIPOLYGON (((-731569.49 -1042255.29,-731567.83 -1042254.12,-731567.52 -1042253.93,-731566.95 -1042254.76,-731566.67 -1042254.57,-731566.621113979 -1042254.53610203,-731566.569992518 -1042254.5056798,-731566.51688233 -1042254.47888014,-731566.462039709 -1042254.45583233,-731566.405729324 -1042254.43664759,-731566.348222881 -1042254.42141855,-731566.289797902 -1042254.41021866,-731566.230736315 -1042254.40310198,-731566.17132318 -1042254.40010288,-731566.111845195 -1042254.40123579,-731566.052589357 -1042254.40649527,-731565.993841648 -1042254.41585591,-731565.935885578 -1042254.42927259,-731565.879000783 -1042254.44668052,-731565.823461801 -1042254.4679957,-731565.769536644 -1042254.49311528,-731565.717485522 -1042254.52191804,-731565.667559676 -1042254.55426497,-731565.62 -1042254.59,-731563.56 -1042255.95,-731563.469956102 -1042256.01469879,-731563.384387131 -1042256.08520962,-731563.303667486 -1042256.16122395,-731563.228150457 -1042256.24240902,-731563.158166587 -1042256.32840952,-731563.094022125 -1042256.41884914,-731563.035997838 -1042256.51333201,-731562.984347641 -1042256.61144465,-731562.939297587 -1042256.71275768,-731562.901044816 -1042256.81682765,-731562.869756788 -1042256.92319915,-731562.845570415 -1042257.03140661,-731562.828591555 -1042257.14097646,-731562.818894505 -1042257.25142917,-731562.816521734 -1042257.36228132,-731562.821483582 -1042257.47304782,-731562.83375835 -1042257.58324383,-731562.853292288 -1042257.69238712,-731562.88 -1042257.8,-731559.41 -1042262.81,-731558.27 -1042263.55,-731558.197399163 -1042263.57819879,-731558.126984238 -1042263.61148224,-731558.05911079 -1042263.64968237,-731557.994121551 -1042263.69260621,-731557.932344764 -1042263.74003699,-731557.87409234 -1042263.79173523,-731557.819658458 -1042263.84743986,-731557.769317984 -1042263.90686959,-731557.723325133 -1042263.96972427,-731557.681912184 -1042264.03568655,-731557.645288259 -1042264.10442328,-731557.613638282 -1042264.17558742,-731557.587122082 -1042264.24881951,-731557.565873557 -1042264.32374987,-731557.55 -1042264.4,-731557.28 -1042264.35,-731557.243936542 -1042264.47245759,-731557.216479019 -1042264.59712722,-731557.197760433 -1042264.72340488,-731557.187871456 -1042264.85067877,-731557.186859995 -1042264.97833225,-731557.194730937 -1042265.10574684,-731557.211446226 -1042265.23230526,-731557.236924797 -1042265.35739434,-731557.271043241 -1042265.48040801,-731557.313636243 -1042265.6007503,-731557.364497469 -1042265.71783816,-731557.423380468 -1042265.83110431,-731557.49 -1042265.94,-731556.08 -1042267.93,-731568.82 -1042276.84,-731570.33 -1042274.73,-731571.24 -1042275.37,-731580.1 -1042262.72,-731569.49 -1042255.29)))
MULTIPOLYGON (((-731568.82 -1042276.84,-731556.08 -1042267.93,-731545.53 -1042282.87,-731560.67 -1042293.44,-731565.89 -1042285.98,-731567.24 -1042284.06,-731566.97 -1042283.86,-731567.17 -1042283.58,-731566.12 -1042282.84,-731569.83 -1042277.54,-731568.82 -1042276.84)))
MULTIPOLYGON (((-731535.04 -1042297.71,-731550.25 -1042308.34,-731560.67 -1042293.44,-731545.53 -1042282.87,-731535.04 -1042297.71)))
MULTIPOLYGON (((-731525.76 -1042313.58,-731526.09 -1042313.8,-731526.16 -1042313.7,-731527.82 -1042314.87,-731539.56 -1042323.1,-731539.78 -1042322.79,-731540.02 -1042322.96,-731545 -1042315.85,-731550.25 -1042308.34,-731535.04 -1042297.71,-731524.55 -1042312.55,-731525.84 -1042313.46,-731525.76 -1042313.58)))
MULTIPOLYGON (((-731573.66 -1042328.09,-731572.83 -1042327.51,-731568.35 -1042324.37,-731569.02 -1042323.39,-731567.22 -1042322.12,-731566.2 -1042321.42,-731566.130225917 -1042321.37387213,-731566.057576608 -1042321.33242001,-731565.982364982 -1042321.29582205,-731565.904914886 -1042321.26423588,-731565.825559884 -1042321.23779756,-731565.744641691 -1042321.21662092,-731565.662508815 -1042321.20079717,-731565.579514921 -1042321.19039443,-731565.496017456 -1042321.18545753,-731565.412375957 -1042321.18600771,-731565.328950643 -1042321.19204259,-731565.246100783 -1042321.20353621,-731565.164183169 -1042321.22043908,-731565.083550572 -1042321.24267837,-731565.004550218 -1042321.27015832,-731564.927522361 -1042321.3027606,-731564.85279867 -1042321.34034482,-731564.780700952 -1042321.38274908,-731564.711539715 -1042321.42979082,-731564.645612776 -1042321.48126745,-731564.583204042 -1042321.53695722,-731564.524582316 -1042321.59662038,-731564.47 -1042321.66,-731561.21 -1042319.38,-731557.55 -1042324.61,-731551.67 -1042333.02,-731564.13 -1042341.72,-731573.66 -1042328.09)))
MULTIPOLYGON (((-731582.85 -1042334.51,-731583.52 -1042333.54,-731581.88 -1042332.37,-731580.75 -1042331.58,-731580.672190975 -1042331.52858157,-731580.590941304 -1042331.48279311,-731580.50665763 -1042331.4428637,-731580.419761777 -1042331.40899324,-731580.330688685 -1042331.38135126,-731580.239884138 -1042331.36007607,-731580.147802651 -1042331.34527421,-731580.054905087 -1042331.33701968,-731579.961656362 -1042331.33535388,-731579.86852324 -1042331.34028509,-731579.77597183 -1042331.35178867,-731579.684465349 -1042331.369807,-731579.594461799 -1042331.39424995,-731579.506411642 -1042331.42499512,-731579.420755565 -1042331.46188867,-731579.337922305 -1042331.50474596,-731579.258326411 -1042331.55335245,-731579.182366282 -1042331.60746491,-731579.110422099 -1042331.66681243,-731579.042853933 -1042331.73109803,-731578.98 -1042331.8,-731573.66 -1042328.09,-731564.13 -1042341.72,-731576.43 -1042350.31,-731585.96 -1042336.68,-731582.85 -1042334.51)))
MULTIPOLYGON (((-731591.85 -1042339.34,-731591.03 -1042338.73,-731590.963716083 -1042338.66980878,-731590.893604495 -1042338.61412303,-731590.819970935 -1042338.56318548,-731590.743136376 -1042338.5172182,-731590.663435846 -1042338.47642159,-731590.581216782 -1042338.44097355,-731590.496837675 -1042338.41102856,-731590.410666346 -1042338.38671723,-731590.323078483 -1042338.36814556,-731590.234455973 -1042338.35539445,-731590.145185202 -1042338.34851953,-731590.055655301 -1042338.34755078,-731589.966256648 -1042338.35249242,-731589.877379 -1042338.36332288,-731589.789409786 -1042338.37999499,-731589.702732593 -1042338.40243602,-731589.617725253 -1042338.43054816,-731589.534758419 -1042338.46420884,-731589.454193771 -1042338.50327131,-731589.376382559 -1042338.54756525,-731589.301663995 -1042338.59689757,-731589.230363905 -1042338.65105322,-731589.162793048 -1042338.70979602,-731589.099246078 -1042338.77286995,-731589.04 -1042338.84,-731585.96 -1042336.68,-731576.43 -1042350.31,-731588.84 -1042358.98,-731598.36 -1042345.36,-731592.91 -1042341.55,-731593.61 -1042340.58,-731591.85 -1042339.34)))
MULTIPOLYGON (((-731676.58 -1042279.04,-731676.79 -1042278.85,-731673.33 -1042276.42,-731671.41 -1042275.09,-731670.2 -1042274.25,-731669.98 -1042274.05,-731669.61 -1042274.57,-731662.03 -1042285.24,-731660.94 -1042286.81,-731661.04 -1042286.88,-731661.19 -1042286.99,-731661.46 -1042287.18,-731664.98 -1042288.94,-731665.23 -1042289.12,-731667.42 -1042290.7,-731667.58 -1042290.82,-731667.692374996 -1042291.14466694,-731667.827859015 -1042291.46038963,-731667.985747337 -1042291.76552576,-731668.165218562 -1042292.05848792,-731668.3653391 -1042292.33775216,-731668.585067928 -1042292.60186577,-731668.823261977 -1042292.84945481,-731669.078682265 -1042293.07923132,-731669.35 -1042293.29,-731669.596237469 -1042293.45481979,-731669.852055493 -1042293.60433768,-731670.116504371 -1042293.73799863,-731670.388602406 -1042293.85530645,-731670.667339474 -1042293.95582563,-731670.951680839 -1042294.03918302,-731671.240570903 -1042294.10506919,-731671.532937229 -1042294.15323955,-731671.827694449 -1042294.18351524,-731672.12374841 -1042294.1957839,-731672.42 -1042294.19,-731672.59 -1042294.3,-731674.82 -1042295.84,-731674.32 -1042296.54,-731674.47 -1042296.76,-731674.65 -1042297.02,-731675.94 -1042299.35,-731676.24 -1042299.67,-731689.76 -1042286.87,-731689.46 -1042286.56,-731686.55 -1042285.79,-731683.93 -1042283.81,-731680.55 -1042281.44,-731680.43 -1042281.71,-731680.25 -1042281.92,-731679.796955223 -1042281.42312817,-731679.308224173 -1042280.96131302,-731678.786512047 -1042280.53711069,-731678.234706342 -1042280.15286902,-731677.655861201 -1042279.81071471,-731677.05318054 -1042279.51254161,-731676.43 -1042279.26,-731676.58 -1042279.04)))
MULTIPOLYGON (((-731681.44 -1042307.28,-731681.56 -1042307.55,-731681.61 -1042307.68,-731698.62 -1042300,-731698.46 -1042299.6,-731695.87 -1042297.77,-731694.19 -1042294.98,-731693.87 -1042295.24,-731693.55 -1042295.45,-731692.05 -1042293.23,-731692.39 -1042293,-731692.76 -1042292.82,-731690.76 -1042290.24,-731690.06 -1042287.18,-731689.76 -1042286.87,-731676.24 -1042299.67,-731676.31 -1042299.75,-731676.54 -1042299.99,-731678.66 -1042300.82,-731680.11 -1042302.67,-731680.27 -1042302.89,-731680.44 -1042303.11,-731681.52 -1042305.02,-731681.44 -1042307.28)))
MULTIPOLYGON (((-731698.62 -1042300,-731681.61 -1042307.68,-731681.79 -1042308.09,-731683.53 -1042309.53,-731684.3 -1042311.78,-731684.35 -1042312,-731684.44 -1042312.3,-731684.79 -1042314.44,-731684 -1042316.57,-731684.02 -1042316.84,-731684.03 -1042316.99,-731702.62 -1042315.31,-731702.58 -1042314.85,-731700.72 -1042312.29,-731700.13 -1042309.1,-731699.74 -1042309.24,-731699.32 -1042309.35,-731698.65 -1042306.78,-731699.06 -1042306.66,-731699.48 -1042306.61,-731698.43 -1042303.49,-731698.79 -1042300.41,-731698.62 -1042300)))
MULTIPOLYGON (((-731700.64 -1042324.42,-731700.19 -1042324.37,-731700.4 -1042321.7,-731700.86 -1042321.73,-731701.27 -1042321.83,-731701.32 -1042318.58,-731702.66 -1042315.78,-731702.62 -1042315.31,-731684.03 -1042316.99,-731684.07 -1042317.43,-731685.26 -1042319.35,-731685.23 -1042321.73,-731685.21 -1042321.95,-731685.19 -1042322.26,-731684.91 -1042324.3,-731684.46 -1042326.7,-731684.39 -1042326.95,-731700.04 -1042330.83,-731700.6 -1042327.7,-731702.41 -1042325.17,-731702.46 -1042324.51,-731700.64 -1042324.42)))
MULTIPOLYGON (((-731699.06 -1042333.91,-731700.04 -1042330.83,-731684.39 -1042326.95,-731684.35 -1042327.12,-731684.31 -1042327.25,-731683.51 -1042329.78,-731682.8 -1042331.7,-731682.72 -1042331.87,-731682.58 -1042332.19,-731681.58 -1042334.16,-731679.62 -1042335.27,-731679.48 -1042335.49,-731679.38 -1042335.63,-731695 -1042345.81,-731695.24 -1042345.43,-731695.38 -1042342.29,-731696.85 -1042339.4,-731696.49 -1042339.29,-731696.09 -1042339.11,-731697.18 -1042336.65,-731697.58 -1042336.82,-731699.2 -1042337.59,-731699.44 -1042337.02,-731699.06 -1042333.91)))
MULTIPOLYGON (((-731672.84 -1042342.68,-731684.26 -1042357.42,-731684.61 -1042357.14,-731685.76 -1042354.22,-731688.1 -1042351.97,-731687.8 -1042351.76,-731687.49 -1042351.46,-731689.3 -1042349.47,-731689.62 -1042349.77,-731689.87 -1042350.07,-731691.93 -1042347.53,-731694.77 -1042346.18,-731695 -1042345.81,-731679.38 -1042335.63,-731679.14 -1042336,-731678.89 -1042338.28,-731677.38 -1042340.09,-731677.24 -1042340.24,-731677 -1042340.5,-731675.42 -1042342.01,-731673.18 -1042342.41,-731672.97 -1042342.57,-731672.84 -1042342.68)))
MULTIPOLYGON (((-731684.26 -1042357.42,-731672.84 -1042342.68,-731672.5 -1042342.94,-731671.52 -1042345.02,-731669.48 -1042346.25,-731669.32 -1042346.33,-731668.99 -1042346.5,-731667 -1042347.38,-731664.75 -1042347.05,-731664.34 -1042347.19,-731670.29 -1042364.86,-731670.72 -1042364.72,-731672.77 -1042362.34,-731675.74 -1042361,-731675.48 -1042360.69,-731675.29 -1042360.3,-731677.69 -1042359.01,-731677.9 -1042359.4,-731678.03 -1042359.79,-731680.8 -1042358.03,-731683.91 -1042357.69,-731684.26 -1042357.42)))
