MULTIPOLYGON (((-746648.6 -1041334.37,-746658.52 -1041325.18,-746650.44 -1041316.45,-746643.71 -1041309.29,-746640.03 -1041305.3,-746627.33 -1041291.54,-746618.56 -1041268.92,-746606.76 -1041254.95,-746601.25 -1041248.43,-746598.8 -1041249,-746597.3 -1041249.35,-746584.48 -1041252.36,-746586.33 -1041257.47,-746576.61 -1041257.44,-746569.76 -1041257.42,-746569.6 -1041254.96,-746569.4 -1041252.01,-746563.73 -1041251.61,-746553 -1041250.84,-746551.96 -1041257.3,-746533.05 -1041257.66,-746533.54 -1041250.78,-746514.88 -1041252.09,-746514.43 -1041252.91,-746495.65 -1041253.01,-746453.9 -1041251.06,-746444.68 -1041250.67,-746444.42 -1041251.26,-746439.32 -1041269.52,-746443.49 -1041270.77,-746444.44 -1041271.05,-746443.87 -1041273.96,-746443.67 -1041274.25,-746445.75 -1041276.18,-746447.59 -1041278.46,-746449.14 -1041281.05,-746450.4 -1041283.97,-746451.06 -1041286.39,-746452.27 -1041286.67,-746451.85 -1041288.56,-746451.46 -1041288.51,-746451.28 -1041289.27,-746457.6 -1041290.7,-746463.51 -1041292.03,-746471.51 -1041293.81,-746485.46 -1041296.9,-746492.02 -1041298.42,-746498.22 -1041299.83,-746502.46 -1041300.79,-746513.19 -1041303.22,-746519.56 -1041294.55,-746522.64 -1041296.36,-746540.46 -1041306.84,-746557.36 -1041310.65,-746559.27 -1041313.74,-746581.01 -1041318.66,-746599.48 -1041322.84,-746601.93 -1041321.37,-746601.5 -1041320.64,-746604.04 -1041319.15,-746605.61 -1041321.73,-746617.62 -1041324.47,-746619.66 -1041327.8,-746648.6 -1041334.37)))
MULTIPOLYGON (((-746325.06 -1040949.86,-746325.77 -1040942.24,-746317.09 -1040941.56,-746316.65 -1040947.89,-746316.35 -1040953.06,-746316.49 -1040953.08,-746316.06 -1040959.09,-746339.82 -1040960.77,-746340.39 -1040952.77,-746327.07 -1040951.89,-746327.28 -1040949.8,-746325.06 -1040949.86)))
MULTIPOLYGON (((-746162.34 -1040982.01,-746172.92 -1040992.32,-746176.28 -1040988.87,-746179.77 -1040985.3,-746169.18 -1040974.99,-746162.34 -1040982.01)))
MULTIPOLYGON (((-746232.7 -1041014.91,-746232.59 -1041015.19,-746223.59 -1041011.72,-746220.29 -1041020.86,-746237.54 -1041027.41,-746241.07 -1041018.42,-746234.9 -1041016.07,-746235.01 -1041015.78,-746232.7 -1041014.91)))
MULTIPOLYGON (((-746207.73 -1041028.88,-746202.23 -1041025.27,-746202.4 -1041025.02,-746200.37 -1041023.68,-746200.2 -1041023.94,-746192.22 -1041018.69,-746186.7 -1041026.95,-746202.34 -1041037.07,-746207.73 -1041028.88)))
MULTIPOLYGON (((-746154.23 -1040969.06,-746159.94 -1040965.8,-746155.18 -1040957.6,-746155.44 -1040957.45,-746154.16 -1040955.25,-746153.9 -1040955.4,-746150.82 -1040950.09,-746147.7 -1040944.73,-746147.96 -1040944.58,-746146.72 -1040942.44,-746146.46 -1040942.59,-746141.68 -1040934.36,-746133.24 -1040939.26,-746142.36 -1040954.95,-746151.47 -1040970.63,-746154.23 -1040969.06)))
MULTIPOLYGON (((-746204.62 -1041069.31,-746209.37 -1041060.99,-746203.75 -1041057.74,-746203.92 -1041057.46,-746201.83 -1041056.25,-746201.67 -1041056.53,-746193.52 -1041051.81,-746188.57 -1041060.13,-746204.62 -1041069.31)))
MULTIPOLYGON (((-746522.61 -1041133.97,-746529.85 -1041134.33,-746529.91 -1041133.12,-746531.93 -1041133.21,-746532.32 -1041125.47,-746534.28 -1041125.56,-746534.47 -1041120.82,-746530.39 -1041120.67,-746530.52 -1041118.2,-746526.13 -1041117.87,-746519.51 -1041117.38,-746518.84 -1041129.43,-746519.27 -1041129.45,-746519.400299139 -1041129.61426262,-746519.541741791 -1041129.7690336,-746519.693638503 -1041129.9135586,-746519.855248898 -1041130.04713315,-746520.025785267 -1041130.16910619,-746520.204416424 -1041130.27888322,-746520.390271607 -1041130.37592913,-746520.582445032 -1041130.45977093,-746520.78 -1041130.53,-746520.66 -1041132.67,-746522.67 -1041132.78,-746522.61 -1041133.97)))
MULTIPOLYGON (((-746172.22 -1041038.39,-746166.89 -1041034.63,-746167.09 -1041034.36,-746157.18 -1041027.78,-746151.52 -1041035.73,-746166.64 -1041046.32,-746172.22 -1041038.39)))
MULTIPOLYGON (((-746477.58 -1041130.66,-746473.23 -1041127.92,-746474.23 -1041126.38,-746465.71 -1041121.04,-746458.88 -1041131.91,-746462.19 -1041134.01,-746459.98 -1041137.34,-746465.2 -1041140.65,-746467.33 -1041137.28,-746471.7 -1041140.05,-746477.58 -1041130.66)))
MULTIPOLYGON (((-746464.5 -1041120.28,-746462.47 -1041119.01,-746460.94 -1041118.05,-746460 -1041119.6,-746455.49 -1041116.67,-746454.24 -1041118.71,-746449.82 -1041125.93,-746454.12 -1041128.87,-746453.89 -1041129.23,-746454.4 -1041129.55,-746454.604065343 -1041129.85192257,-746454.828796356 -1041130.13879518,-746455.073087007 -1041130.409206,-746455.335734993 -1041130.6618242,-746455.61544773 -1041130.89540651,-746455.910848647 -1041131.10880336,-746456.220483899 -1041131.30096456,-746456.542829633 -1041131.47094437,-746456.876299469 -1041131.61790626,-746457.219252183 -1041131.74112693,-746457.57 -1041131.84,-746458.19 -1041131.96,-746458.66 -1041132.25,-746458.88 -1041131.91,-746465.71 -1041121.04,-746464.5 -1041120.28)))
MULTIPOLYGON (((-746426.75 -1041109.03,-746429.24 -1041110.7,-746435.72 -1041115.06,-746441.65 -1041105.68,-746432.21 -1041099.29,-746426.25 -1041108.69,-746426.75 -1041109.03)))
MULTIPOLYGON (((-746426.25 -1041108.69,-746432.21 -1041099.29,-746422.74 -1041092.88,-746416.8 -1041102.34,-746426.25 -1041108.69)))
MULTIPOLYGON (((-746400.81 -1041094.02,-746400.825750826 -1041094.11609082,-746400.848152803 -1041094.21085204,-746400.877097249 -1041094.30382386,-746400.912443668 -1041094.39455512,-746400.954020619 -1041094.48260564,-746401.001626342 -1041094.56754816,-746401.055029809 -1041094.64897051,-746401.113971978 -1041094.72647768,-746401.178166777 -1041094.79969352,-746401.24730277 -1041094.86826283,-746401.321044505 -1041094.93185288,-746401.399034142 -1041094.99015513,-746401.480893284 -1041095.04288667,-746401.566224724 -1041095.08979169,-746401.654614448 -1041095.13064253,-746401.745633572 -1041095.16524103,-746401.838840412 -1041095.19341926,-746401.933782814 -1041095.21504058,-746402.03 -1041095.23,-746402.114580228 -1041095.24041514,-746402.199667394 -1041095.24515544,-746402.284881085 -1041095.24419969,-746402.369840503 -1041095.23755217,-746402.454165876 -1041095.22524258,-746402.537480235 -1041095.20732597,-746402.61941123 -1041095.18388239,-746402.69959265 -1041095.15501663,-746402.777666092 -1041095.12085772,-746402.853282571 -1041095.08155835,-746402.926104098 -1041095.03729421,-746402.995805174 -1041094.9882631,-746403.062074274 -1041094.93468419,-746403.124615162 -1041094.87679699,-746403.183148295 -1041094.81486022,-746403.237412065 -1041094.74915075,-746403.287163913 -1041094.67996228,-746403.332181424 -1041094.60760406,-746403.372263431 -1041094.53239951,-746403.407230765 -1041094.45468476,-746403.43692708 -1041094.37480725,-746403.461219682 -1041094.29312395,-746403.48 -1041094.21,-746403.498022539 -1041094.11858709,-746403.510453289 -1041094.02624745,-746403.517246216 -1041093.93332282,-746403.518376171 -1041093.84015709,-746403.513838977 -1041093.74709502,-746403.50365144 -1041093.65448105,-746403.487851262 -1041093.56265792,-746403.466496915 -1041093.47196546,-746403.439667379 -1041093.38273929,-746403.407462014 -1041093.29530962,-746403.37 -1041093.21,-746406.6 -1041086.67,-746407.66 -1041084.52,-746402.17 -1041081.71,-746402.82 -1041080.48,-746398.91 -1041078.32,-746398.31 -1041079.51,-746393.29 -1041089.55,-746397.34 -1041091.73,-746397.15 -1041092.07,-746400.81 -1041094.02)))
MULTIPOLYGON (((-746391.8 -1041076.02,-746390.34 -1041075.24,-746389.51 -1041074.8,-746384.56 -1041084.86,-746393.29 -1041089.55,-746398.31 -1041079.51,-746396.07 -1041078.32,-746396.15 -1041078.17,-746391.87 -1041075.87,-746391.8 -1041076.02)))
MULTIPOLYGON (((-746384.56 -1041084.86,-746389.51 -1041074.8,-746390.08 -1041073.64,-746386.22 -1041071.57,-746385.58 -1041072.77,-746380.13 -1041069.81,-746378.86 -1041072.36,-746375.86 -1041078.36,-746375.747773355 -1041078.39024466,-746375.637800132 -1041078.4278671,-746375.530564815 -1041078.47270167,-746375.426539689 -1041078.52455083,-746375.326183051 -1041078.58318615,-746375.229936957 -1041078.6483494,-746375.138225352 -1041078.71975349,-746375.051452314 -1041078.79708391,-746374.97 -1041078.88,-746374.91306608 -1041078.95958899,-746374.861779929 -1041079.04292936,-746374.816387892 -1041079.129621,-746374.777107715 -1041079.21924773,-746374.744128078 -1041079.31137928,-746374.71760726 -1041079.4055734,-746374.697672605 -1041079.50137782,-746374.684419781 -1041079.59833267,-746374.677912414 -1041079.6959725,-746374.678181767 -1041079.79382855,-746374.68522656 -1041079.89143109,-746374.699012935 -1041079.9883115,-746374.719474674 -1041080.08400474,-746374.746513656 -1041080.1780514,-746374.78 -1041080.27,-746374.801703452 -1041080.34393028,-746374.826746156 -1041080.41679723,-746374.855076343 -1041080.48845011,-746374.886635333 -1041080.55874062,-746374.92135792 -1041080.62752338,-746374.959172218 -1041080.69465614,-746375 -1041080.76,-746375.068345471 -1041080.8316666,-746375.141375562 -1041080.89855315,-746375.218756735 -1041080.96035415,-746375.300135493 -1041081.01678732,-746375.38514018 -1041081.06759489,-746375.473382532 -1041081.1125448,-746375.564459473 -1041081.15143174,-746375.657955021 -1041081.1840781,-746375.753442168 -1041081.21033475,-746375.850484729 -1041081.2300818,-746375.948639482 -1041081.243229,-746376.047458112 -1041081.24971634,-746376.146489233 -1041081.24951419,-746376.245280534 -1041081.24262345,-746376.343380809 -1041081.22907561,-746376.440341949 -1041081.20893255,-746376.535721084 -1041081.18228625,-746376.629082574 -1041081.14925845,-746376.72 -1041081.11,-746380.4 -1041083.06,-746380.58 -1041082.72,-746384.56 -1041084.86)))
MULTIPOLYGON (((-746350.42 -1041067.32,-746353.96 -1041068.64,-746353.5 -1041069.86,-746359.21 -1041071.97,-746360.78 -1041067.63,-746360.87 -1041067.67,-746361.75 -1041065.27,-746362.78 -1041062.47,-746361.4 -1041061.86,-746361.69 -1041061.09,-746353.82 -1041058.15,-746350.42 -1041067.32)))
MULTIPOLYGON (((-746346.49 -1041067.24,-746346.95 -1041066.02,-746350.42 -1041067.32,-746353.82 -1041058.15,-746346.07 -1041055.25,-746345.67 -1041056.18,-746344.55 -1041055.75,-746344.58 -1041055.66,-746344.28 -1041055.54,-746342.32 -1041060.75,-746342.42 -1041060.78,-746340.78 -1041065.13,-746346.49 -1041067.24)))
MULTIPOLYGON (((-746325.69 -1041053.45,-746326.48 -1041051.39,-746327.26 -1041049.46,-746325.36 -1041048.76,-746325.72 -1041047.66,-746316.43 -1041044.21,-746312.7 -1041054.17,-746320.89 -1041057.21,-746320.93 -1041057.11,-746323.49 -1041058.07,-746324 -1041056.71,-746324.09 -1041056.75,-746325.41 -1041053.34,-746325.69 -1041053.45)))
MULTIPOLYGON (((-746304.52 -1041051.01,-746304.48 -1041051.11,-746312.7 -1041054.17,-746316.43 -1041044.21,-746307.1 -1041040.75,-746306.75 -1041041.83,-746304.83 -1041041.15,-746304.09 -1041042.95,-746302.92 -1041042.51,-746303.45 -1041041.03,-746303.18 -1041040.95,-746302.05 -1041044.07,-746301.3 -1041043.79,-746299.3 -1041049.07,-746299.75 -1041049.24,-746301.92 -1041050.04,-746304.52 -1041051.01)))
MULTIPOLYGON (((-746269.58 -1041096.54,-746268.33 -1041099.35,-746277.36 -1041103.15,-746282 -1041092.23,-746278.99 -1041090.97,-746278.86 -1041091.29,-746271.07 -1041088.06,-746267.78 -1041095.83,-746269.58 -1041096.54)))
MULTIPOLYGON (((-746282 -1041092.23,-746277.36 -1041103.15,-746286.4 -1041106.96,-746287.57 -1041104.14,-746289.23 -1041104.87,-746292.62 -1041097.07,-746284.83 -1041093.81,-746284.97 -1041093.47,-746282 -1041092.23)))
MULTIPOLYGON (((-746315.45 -1041107.93,-746309.15 -1041105.31,-746309.77 -1041103.78,-746306.53 -1041102.43,-746306.48 -1041102.55,-746305.04 -1041106.05,-746303.97 -1041105.61,-746303.57 -1041105.43,-746302.12 -1041108.8,-746303.58 -1041109.41,-746301.93 -1041113.46,-746307.73 -1041115.84,-746308.01 -1041116.7,-746309.85 -1041117.44,-746310.51 -1041116.99,-746311.48 -1041117.39,-746315.45 -1041107.93)))
MULTIPOLYGON (((-746312.69 -1041118.59,-746314.5 -1041119.32,-746315.26 -1041118.96,-746321.02 -1041121.28,-746322.61 -1041117.44,-746324.19 -1041118.14,-746325.56 -1041114.74,-746325.39 -1041114.67,-746324 -1041114.11,-746325.45 -1041110.76,-746325.63 -1041110.33,-746322.42 -1041108.99,-746321.78 -1041110.56,-746315.45 -1041107.93,-746311.48 -1041117.39,-746312.36 -1041117.75,-746312.69 -1041118.59)))
MULTIPOLYGON (((-746344.61 -1041118.01,-746344.15 -1041119.15,-746339.16 -1041117.08,-746339.11 -1041117.2,-746337.73 -1041120.58,-746336.44 -1041120.06,-746334.59 -1041124.45,-746335.77 -1041124.93,-746334.98 -1041127.07,-746338.77 -1041128.59,-746338.34 -1041129.57,-746341.61 -1041130.91,-746342 -1041129.95,-746345.7 -1041131.46,-746350.37 -1041120.35,-746344.61 -1041118.01)))
MULTIPOLYGON (((-746350.37 -1041120.35,-746345.7 -1041131.46,-746349.41 -1041132.98,-746349.09 -1041133.99,-746352.31 -1041135.31,-746352.71 -1041134.33,-746356.43 -1041135.87,-746357.32 -1041133.8,-746357.44 -1041133.85,-746358.53 -1041134.34,-746360.44 -1041129.89,-746359.19 -1041129.35,-746360.59 -1041125.91,-746355.59 -1041123.83,-746356.07 -1041122.67,-746350.37 -1041120.35)))
MULTIPOLYGON (((-746384.96 -1041137.31,-746385.31 -1041136.44,-746382.36 -1041134.93,-746381.14 -1041137.41,-746379.64 -1041136.61,-746380.04 -1041135.61,-746374.71 -1041132.92,-746369.95 -1041141.95,-746370.26 -1041142.11,-746379.76 -1041147.04,-746384.96 -1041137.31)))
MULTIPOLYGON (((-746387.91 -1041138.82,-746384.96 -1041137.31,-746379.76 -1041147.04,-746390.54 -1041152.64,-746395.14 -1041143.67,-746389.56 -1041140.73,-746389.18 -1041141.53,-746387.09 -1041140.43,-746387.91 -1041138.82)))
MULTIPOLYGON (((-746403.61 -1041155.22,-746405.05 -1041156.49,-746404.2 -1041157.51,-746404.04 -1041157.36,-746402.02 -1041159.79,-746402.19 -1041159.93,-746401.75 -1041160.46,-746408.54 -1041166.15,-746408.63 -1041166.04,-746408.88 -1041166.24,-746411.19 -1041168.12,-746418.31 -1041160.27,-746417.23 -1041159.36,-746417.07 -1041159.23,-746417.86 -1041158.21,-746413.02 -1041154.23,-746412.19 -1041155.24,-746408.62 -1041152.21,-746407.76 -1041153.19,-746407.659664058 -1041153.10077512,-746407.553265773 -1041153.01887406,-746407.441338628 -1041152.94470748,-746407.324443757 -1041152.87864715,-746407.20316723 -1041152.82102436,-746407.078117162 -1041152.77212796,-746406.949920475 -1041152.73220316,-746406.819219977 -1041152.70145008,-746406.686670899 -1041152.68002295,-746406.552937835 -1041152.66802919,-746406.418691337 -1041152.66552895,-746406.28460443 -1041152.67253473,-746406.151349418 -1041152.68901141,-746406.019594424 -1041152.71487638,-746405.89 -1041152.75,-746405.772400171 -1041152.78804421,-746405.657660451 -1041152.83399935,-746405.546312302 -1041152.88765258,-746405.438871473 -1041152.94875535,-746405.335835636 -1041153.01702467,-746405.237682074 -1041153.09214425,-746405.144865394 -1041153.17376623,-746405.057815552 -1041153.26151249,-746404.976935744 -1041153.35497656,-746404.902600586 -1041153.45372558,-746404.835154444 -1041153.55730212,-746404.774909705 -1041153.6652264,-746404.722145405 -1041153.7769985,-746404.677105934 -1041153.89210077,-746404.64 -1041154.01,-746403.61 -1041155.22)))
MULTIPOLYGON (((-746418.31 -1041160.27,-746411.19 -1041168.12,-746414.32 -1041170.8,-746414.22 -1041170.91,-746421 -1041176.6,-746423.09 -1041174.14,-746424.36 -1041172.65,-746425.63 -1041173.69,-746425.83 -1041173.86,-746426.83 -1041172.66,-746426.938032713 -1041172.61147287,-746427.042632589 -1041172.55593173,-746427.143344879 -1041172.49361813,-746427.239731669 -1041172.4248029,-746427.33137393 -1041172.34978524,-746427.417873233 -1041172.26889136,-746427.498853475 -1041172.18247291,-746427.573962629 -1041172.09090564,-746427.642874122 -1041171.99458766,-746427.70528835 -1041171.89393771,-746427.760933936 -1041171.78939337,-746427.809569001 -1041171.68140918,-746427.85098204 -1041171.57045463,-746427.884993017 -1041171.45701212,-746427.911454052 -1041171.34157488,-746427.930250138 -1041171.22464472,-746427.941299537 -1041171.10673009,-746427.944554206 -1041170.98834362,-746427.94 -1041170.87,-746427.930156108 -1041170.73455742,-746427.910805198 -1041170.60014333,-746427.882043332 -1041170.46742427,-746427.844013035 -1041170.33705828,-746427.796902925 -1041170.20969173,-746427.740946561 -1041170.08595619,-746427.676421404 -1041169.96646515,-746427.603647411 -1041169.85181114,-746427.522985399 -1041169.74256262,-746427.434835315 -1041169.63926131,-746427.339634242 -1041169.54241936,-746427.237854268 -1041169.45251703,-746427.13 -1041169.37,-746427.98 -1041168.37,-746424.45 -1041165.39,-746425.28 -1041164.38,-746423.43 -1041162.85,-746420.45 -1041160.4,-746419.65 -1041161.41,-746418.31 -1041160.27)))
MULTIPOLYGON (((-746445.18 -1041187.11,-746438.04 -1041180.24,-746439.4 -1041178.82,-746436.96 -1041176.48,-746434.78 -1041178.71,-746431.12 -1041182.48,-746428.26 -1041185.41,-746430.81 -1041187.89,-746430.49 -1041189.05,-746434.13 -1041192.5,-746435.24 -1041192.21,-746437.79 -1041194.69,-746445.18 -1041187.11)))
MULTIPOLYGON (((-746161.82 -1041221.78,-746161.83 -1041222.03,-746166.17 -1041221.89,-746166.17 -1041221.74,-746172.16 -1041221.56,-746172.17 -1041221.71,-746176.51 -1041221.57,-746176.51 -1041221.42,-746176.85 -1041221.41,-746176.61 -1041210,-746161.54 -1041210.48,-746161.82 -1041221.78)))
MULTIPOLYGON (((-746202.39 -1041209.8,-746190.55 -1041210.04,-746190.68 -1041215.79,-746192.61 -1041215.75,-746192.65 -1041217.71,-746192.67 -1041218.57,-746192.15 -1041219.02,-746192.18 -1041220.26,-746193.13 -1041221.18,-746202.76 -1041220.97,-746202.39 -1041209.8)))
MULTIPOLYGON (((-746202.76 -1041220.97,-746212.77 -1041220.75,-746212.58 -1041209.6,-746202.39 -1041209.8,-746202.76 -1041220.97)))
MULTIPOLYGON (((-746222.46 -1041220.54,-746223.32 -1041219.57,-746223.23 -1041217.71,-746222.74 -1041217.32,-746222.74 -1041217.14,-746222.71 -1041214.84,-746224.53 -1041214.8,-746224.43 -1041210.06,-746224.58 -1041210.05,-746224.57 -1041209.36,-746223.97 -1041209.37,-746212.58 -1041209.6,-746212.77 -1041220.75,-746222.46 -1041220.54)))
MULTIPOLYGON (((-746294.06 -1041206.56,-746285.94 -1041206.76,-746286.22 -1041219.14,-746288.02 -1041219.1,-746297.5 -1041218.87,-746296.87 -1041206.24,-746294.05 -1041206.31,-746294.06 -1041206.56)))
MULTIPOLYGON (((-746300.53 -1041206.14,-746296.87 -1041206.24,-746297.5 -1041218.87,-746308.89 -1041218.6,-746308.59 -1041206.19,-746300.53 -1041206.39,-746300.53 -1041206.14)))
MULTIPOLYGON (((-746333.59 -1041216.16,-746333.22 -1041204.8,-746333.19 -1041203.48,-746330.06 -1041203.49,-746330.06 -1041203.73,-746322.83 -1041203.97,-746322.96 -1041208.24,-746322.13 -1041208.35,-746322.27 -1041212.65,-746323.09 -1041212.63,-746323.14 -1041216.37,-746333.59 -1041216.16)))
MULTIPOLYGON (((-746340.01 -1041204.61,-746333.22 -1041204.8,-746333.59 -1041216.16,-746343.54 -1041215.96,-746343.22 -1041203.95,-746339.99 -1041204.02,-746340.01 -1041204.61)))
MULTIPOLYGON (((-746343.22 -1041203.95,-746343.54 -1041215.96,-746354.73 -1041215.73,-746354.62 -1041211.54,-746355.38 -1041211.5,-746355.33 -1041206.41,-746354.52 -1041206.43,-746354.49 -1041202.28,-746345.76 -1041202.41,-746345.78 -1041203.26,-746343.21 -1041203.37,-746343.22 -1041203.95)))
MULTIPOLYGON (((-746379.59 -1041217.14,-746379.34 -1041206.41,-746367.74 -1041206.7,-746367.84 -1041209.7,-746365.56 -1041209.78,-746365.66 -1041213.9,-746367.82 -1041213.85,-746367.88 -1041216.5,-746367.91 -1041217.4,-746379.59 -1041217.14)))
MULTIPOLYGON (((-746391.27 -1041216.88,-746391.24 -1041215.87,-746391.01 -1041209.17,-746390.94 -1041206.13,-746379.34 -1041206.41,-746379.59 -1041217.14,-746391.27 -1041216.88)))
MULTIPOLYGON (((-746403.92 -1041216.6,-746409.48 -1041216.47,-746409.51 -1041218.04,-746414.15 -1041217.97,-746414.11 -1041216.38,-746419.72 -1041216.32,-746419.4 -1041206.09,-746415.45 -1041206.17,-746415.43 -1041205.24,-746409.59 -1041205.39,-746409.49 -1041205.39,-746409.04 -1041205.4,-746409.06 -1041206.32,-746403.62 -1041206.47,-746403.76 -1041211.06,-746403.89 -1041215.55,-746403.92 -1041216.6)))
MULTIPOLYGON (((-746458.46 -1041214.84,-746458.43 -1041213.39,-746464.26 -1041213.25,-746464.14 -1041206.34,-746464.05 -1041200.94,-746462.4 -1041201.01,-746461.31 -1041201.05,-746461.28 -1041200.56,-746455.53 -1041200.7,-746452.74 -1041200.77,-746452.83 -1041202.69,-746447.84 -1041202.77,-746448.11 -1041213.7,-746454.05 -1041213.5,-746454.08 -1041215.02,-746454.69 -1041215.52,-746457.87 -1041215.45,-746458.46 -1041214.84)))
MULTIPOLYGON (((-746484.45 -1041203.68,-746484.45 -1041202.79,-746473.77 -1041202.94,-746473.83 -1041214.93,-746475.04 -1041214.97,-746475.75 -1041215.98,-746478.22 -1041215.97,-746478.9 -1041214.87,-746484.68 -1041214.76,-746484.45 -1041203.68)))
MULTIPOLYGON (((-746484.45 -1041203.68,-746484.68 -1041214.76,-746487.79 -1041214.7,-746494.69 -1041214.57,-746494.36 -1041203.44,-746484.45 -1041203.68)))
MULTIPOLYGON (((-746497.59 -1041202.77,-746494.35 -1041202.84,-746494.36 -1041203.44,-746494.69 -1041214.57,-746494.81 -1041214.57,-746494.938408348 -1041214.66529897,-746495.072775424 -1041214.75199439,-746495.212525695 -1041214.82971489,-746495.357060522 -1041214.89812756,-746495.505760819 -1041214.95693937,-746495.657989651 -1041215.00589842,-746495.813094973 -1041215.04479498,-746495.970412433 -1041215.07346246,-746496.129268169 -1041215.09177807,-746496.288981736 -1041215.09966335,-746496.448869049 -1041215.09708452,-746496.608245283 -1041215.08405265,-746496.766427696 -1041215.06062353,-746496.92273882 -1041215.02689752,-746497.076509058 -1041214.98301908,-746497.227079779 -1041214.92917618,-746497.373806059 -1041214.86559942,-746497.516059428 -1041214.79256114,-746497.653230489 -1041214.71037416,-746497.784731779 -1041214.61939052,-746497.91 -1041214.52,-746503.3 -1041214.4,-746503.408028233 -1041214.44832944,-746503.519024899 -1041214.4893852,-746503.632500857 -1041214.52298641,-746503.747956097 -1041214.54898497,-746503.864881813 -1041214.56726634,-746503.982762813 -1041214.57774994,-746504.101079613 -1041214.58038959,-746504.21931088 -1041214.57517365,-746504.33693558 -1041214.56212512,-746504.453435391 -1041214.54130149,-746504.568296999 -1041214.51279449,-746504.68101421 -1041214.47672978,-746504.791090339 -1041214.43326628,-746504.898040354 -1041214.38259548,-746505.00139296 -1041214.32494071,-746505.100692719 -1041214.26055598,-746505.195502063 -1041214.18972503,-746505.28540321 -1041214.11276,-746505.37 -1041214.03,-746505.448492532 -1041213.93757328,-746505.520586 -1041213.84007291,-746505.585953325 -1041213.73794118,-746505.644298077 -1041213.63164127,-746505.695355624 -1041213.52165532,-746505.738894403 -1041213.40848219,-746505.774716884 -1041213.29263517,-746505.802660644 -1041213.1746397,-746505.822598934 -1041213.055031,-746505.834441334 -1041212.9343515,-746505.83813408 -1041212.81314859,-746505.833660483 -1041212.69197199,-746505.821040779 -1041212.57137129,-746505.800332248 -1041212.45189351,-746505.771628797 -1041212.33408055,-746505.735060632 -1041212.21846676,-746505.69079359 -1041212.10557647,-746505.639028435 -1041211.99592179,-746505.58 -1041211.89,-746505.39 -1041202.61,-746501.19 -1041202.69,-746501.183468766 -1041202.56406388,-746501.168138369 -1041202.43889384,-746501.144084006 -1041202.31510389,-746501.111423701 -1041202.19330132,-746501.070317656 -1041202.07408363,-746501.020967513 -1041201.95803568,-746500.963615388 -1041201.84572676,-746500.898542642 -1041201.73770776,-746500.826068431 -1041201.63450867,-746500.746548384 -1041201.5366357,-746500.660372496 -1041201.44456896,-746500.5679636 -1041201.35876012,-746500.469774961 -1041201.27963012,-746500.366288304 -1041201.20756716,-746500.258011252 -1041201.14292473,-746500.145475 -1041201.08601993,-746500.029231578 -1041201.03713197,-746499.909851283 -1041200.99650064,-746499.7879197 -1041200.96432525,-746499.664035022 -1041200.94076365,-746499.538804948 -1041200.92593142,-746499.412843853 -1041200.91990137,-746499.286769599 -1041200.922703,-746499.161200702 -1041200.93432266,-746499.036753148 -1041200.95470324,-746498.914037436 -1041200.98374486,-746498.793655544 -1041201.02130496,-746498.676198035 -1041201.06719938,-746498.562241107 -1041201.12120292,-746498.452343792 -1041201.18305066,-746498.347045213 -1041201.25243923,-746498.246861905 -1041201.32902819,-746498.152285367 -1041201.41244185,-746498.063779533 -1041201.50227103,-746497.981778562 -1041201.598075,-746497.906684756 -1041201.69938385,-746497.838866472 -1041201.80570057,-746497.778656423 -1041201.91650361,-746497.72634995 -1041202.0312494,-746497.68220368 -1041202.14937505,-746497.646434158 -1041202.2703011,-746497.619216859 -1041202.39343429,-746497.600685282 -1041202.51817055,-746497.59093038 -1041202.64389804,-746497.59 -1041202.77)))
MULTIPOLYGON (((-746515.82 -1041212.11,-746516.76 -1041212.09,-746517.67 -1041213.01,-746520.09 -1041212.92,-746520.99 -1041211.93,-746526.51 -1041211.8,-746526.27 -1041199.69,-746515.56 -1041200.04,-746515.56 -1041200.17,-746515.62 -1041203.14,-746514.12 -1041203.17,-746513.96 -1041203.16,-746514.05 -1041207.05,-746514.24 -1041207.07,-746515.71 -1041207.03,-746515.75 -1041209.04,-746515.82 -1041212.11)))
MULTIPOLYGON (((-746536.33 -1041197.65,-746529.02 -1041197.82,-746529.06 -1041198.92,-746526.25 -1041198.97,-746526.27 -1041199.69,-746526.51 -1041211.8,-746536.52 -1041211.57,-746536.33 -1041197.65)))
MULTIPOLYGON (((-746536.33 -1041197.65,-746536.52 -1041211.57,-746544.24 -1041211.39,-746545.08 -1041212.3,-746547.28 -1041212.25,-746547.98 -1041211.36,-746548.62 -1041211.32,-746548.34 -1041197.38,-746536.33 -1041197.65)))
MULTIPOLYGON (((-746574.25 -1041210.26,-746573.13 -1041203.1,-746570.97 -1041203.43,-746570.34 -1041199.37,-746565.17 -1041200.07,-746564.75 -1041197.08,-746564.64 -1041196.29,-746557.71 -1041197.26,-746559.89 -1041212.75,-746562.86 -1041212.33,-746563.06 -1041213.57,-746569.22 -1041212.69,-746569.9 -1041211.75,-746570.25 -1041211.27,-746570.26 -1041210.77,-746571.86 -1041210.57,-746574.25 -1041210.26)))
MULTIPOLYGON (((-746583.45 -1041198.43,-746584 -1041198.34,-746584.76 -1041202.68,-746590.82 -1041201.67,-746591.03 -1041202.9,-746595.08 -1041202.22,-746593.36 -1041192.54,-746593.7 -1041192.48,-746593.14 -1041189.27,-746582.23 -1041191.17,-746582.26 -1041191.34,-746583.45 -1041198.43)))
MULTIPOLYGON (((-746526.3 -1041154.96,-746526 -1041155.51,-746525.69 -1041155.34,-746525.48 -1041155.72,-746519.75 -1041152.61,-746519 -1041152.2,-746517.96 -1041154.02,-746512.46 -1041163.68,-746516.29 -1041165.77,-746515.76 -1041166.65,-746515.46 -1041167.15,-746519.75 -1041169.57,-746520.58 -1041168.05,-746524.42 -1041170.15,-746524.5 -1041170.01,-746527.47 -1041171.64,-746530.59 -1041166.19,-746527.61 -1041164.58,-746530.84 -1041158.62,-746527.16 -1041156.63,-746527.37 -1041156.25,-746527.05 -1041156.08,-746527.43 -1041155.38,-746526.38 -1041154.81,-746526.3 -1041154.96)))
MULTIPOLYGON (((-746387.85 -1041175.5,-746385.85 -1041174.15,-746384.54 -1041173.27,-746379.62 -1041169.95,-746373.09 -1041179.3,-746382.99 -1041186.08,-746387.89 -1041179.07,-746387.71 -1041178.94,-746387.825419667 -1041178.82161854,-746387.93271134 -1041178.6958236,-746388.031399965 -1041178.56317207,-746388.121048599 -1041178.42425126,-746388.201260358 -1041178.2796762,-746388.271680087 -1041178.13008699,-746388.331996053 -1041177.97614589,-746388.381941169 -1041177.81853449,-746388.421294391 -1041177.65795058,-746388.449881405 -1041177.49510509,-746388.467575699 -1041177.33071899,-746388.474298894 -1041177.1655201,-746388.470021278 -1041177.00023982,-746388.454761743 -1041176.83560988,-746388.428587854 -1041176.67235917,-746388.39161551 -1041176.51121041,-746388.344008386 -1041176.35287711,-746388.285977274 -1041176.19806024,-746388.21777907 -1041176.04744527,-746388.139715731 -1041175.90169895,-746388.052132852 -1041175.76146658,-746387.955418202 -1041175.62736903,-746387.85 -1041175.5)))
MULTIPOLYGON (((-746365.12 -1041167.49,-746367.33 -1041162.17,-746365.53 -1041161.39,-746365.19 -1041161.24,-746362.44 -1041160.04,-746362.24 -1041160.5,-746355.1 -1041157.33,-746350.88 -1041167.14,-746361.27 -1041171.56,-746362.9 -1041167.91,-746363.22 -1041167.18,-746363.42 -1041166.73,-746365.12 -1041167.49)))
MULTIPOLYGON (((-746341.99 -1041158.93,-746340.41 -1041162.59,-746350.88 -1041167.14,-746355.1 -1041157.33,-746347.45 -1041154.07,-746347.65 -1041153.62,-746345.15 -1041152.53,-746344.81 -1041152.38,-746342.49 -1041157.76,-746341.99 -1041158.93)))
MULTIPOLYGON (((-746316.73 -1041150.15,-746315.92 -1041152.01,-746319.37 -1041153.45,-746328.95 -1041157.48,-746329.87 -1041155.26,-746331.91 -1041150.35,-746332.91 -1041147.94,-746323.09 -1041143.78,-746323.111830108 -1041143.66155382,-746323.125323639 -1041143.54187097,-746323.130414516 -1041143.42153755,-746323.127077818 -1041143.30114269,-746323.115329862 -1041143.1812759,-746323.095228225 -1041143.06252417,-746323.066871256 -1041142.94546887,-746323.030397862 -1041142.83068323,-746322.98598662 -1041142.71872923,-746322.933854997 -1041142.61015508,-746322.87425822 -1041142.50549239,-746322.807488114 -1041142.40525362,-746322.733871609 -1041142.30992961,-746322.653769165 -1041142.21998709,-746322.567573041 -1041142.13586646,-746322.475705206 -1041142.05797964,-746322.378615558 -1041141.98670796,-746322.276779443 -1041141.92240039,-746322.170695543 -1041141.86537182,-746322.060883224 -1041141.81590149,-746321.947880238 -1041141.77423164,-746321.832239836 -1041141.74056628,-746321.714528292 -1041141.71507025,-746321.595321953 -1041141.69786841,-746321.475204497 -1041141.68904498,-746321.354764074 -1041141.68864319,-746321.234590411 -1041141.69666493,-746321.115271956 -1041141.71307099,-746320.997392923 -1041141.73778102,-746320.881530464 -1041141.77067402,-746320.768251955 -1041141.81158894,-746320.658111989 -1041141.86032546,-746320.551649928 -1041141.9166449,-746320.449386984 -1041141.98027155,-746320.351823926 -1041142.05089384,-746320.259438485 -1041142.12816596,-746320.172682971 -1041142.21170959,-746320.091982186 -1041142.3011156,-746320.017731265 -1041142.39594628,-746319.950293802 -1041142.4957373,-746319.89 -1041142.6,-746319.83 -1041142.74,-746318.04 -1041146.98,-746316.73 -1041150.15)))
MULTIPOLYGON (((-746306.62 -1041146.18,-746306.99 -1041145.3,-746309.93 -1041138.27,-746301.09 -1041134.59,-746301.03 -1041134.74,-746299.04 -1041133.91,-746298.74 -1041133.79,-746296.77 -1041132.97,-746296.2 -1041134.36,-746296.07 -1041134.3,-746294.73 -1041137.56,-746294.86 -1041137.62,-746293.63 -1041140.6,-746295.38 -1041141.31,-746294.35 -1041143.89,-746295.32 -1041144.34,-746294.87 -1041145.4,-746298.19 -1041146.84,-746298.65 -1041145.76,-746303.75 -1041147.85,-746304.37 -1041146.45,-746304.79 -1041145.5,-746306.62 -1041146.18)))
MULTIPOLYGON (((-746253.77 -1041108.24,-746246.91 -1041105.36,-746244.42 -1041111.27,-746244.07 -1041111.14,-746243.33 -1041112.79,-746241.87 -1041116.03,-746240.99 -1041115.65,-746235.53 -1041128.94,-746235.98 -1041129.13,-746236.08 -1041128.89,-746241.79 -1041131.25,-746245.01 -1041123.5,-746250.16 -1041125.73,-746250.170602856 -1041125.89135637,-746250.191626787 -1041126.05168818,-746250.222983718 -1041126.21032313,-746250.264542073 -1041126.36659595,-746250.316127628 -1041126.51985139,-746250.377524048 -1041126.66944677,-746250.4484739 -1041126.81475475,-746250.528679639 -1041126.95516607,-746250.617804944 -1041127.09009188,-746250.715476096 -1041127.21896642,-746250.821283489 -1041127.34124923,-746250.934783459 -1041127.45642757,-746251.05550006 -1041127.56401846,-746251.182927072 -1041127.66357073,-746251.316530168 -1041127.75466688,-746251.455749063 -1041127.83692496,-746251.6 -1041127.91,-746251.736965014 -1041127.96654047,-746251.877318186 -1041128.01405071,-746252.020464927 -1041128.05232936,-746252.165798694 -1041128.08121428,-746252.312703729 -1041128.10058305,-746252.46055761 -1041128.11035365,-746252.608733952 -1041128.11048469,-746252.75660488 -1041128.10097554,-746252.903543949 -1041128.08186659,-746253.048928559 -1041128.05323872,-746253.192142755 -1041128.01521328,-746253.332579732 -1041127.96795133,-746253.469644517 -1041127.91165316,-746253.602756351 -1041127.84655726,-746253.731351286 -1041127.77293944,-746253.854884475 -1041127.69111162,-746253.972832483 -1041127.60142048,-746254.08469565 -1041127.50424604,-746254.19 -1041127.4,-746258.02 -1041129.08,-746260.21 -1041123.85,-746257.23 -1041122.62,-746259.54 -1041117.08,-746256.05 -1041115.63,-746253.31 -1041114.5,-746254.55 -1041111.6,-746252.67 -1041110.8,-746253.77 -1041108.24)))
MULTIPOLYGON (((-746220.84 -1041152.38,-746213.24 -1041164.57,-746218.17 -1041167.47,-746218.09 -1041167.6,-746219.13 -1041168.21,-746218.36 -1041169.53,-746221.61 -1041171.54,-746222.38 -1041170.29,-746223.06 -1041170.71,-746222.29 -1041171.96,-746222.54 -1041172.11,-746223.31 -1041170.87,-746225.83 -1041166.8,-746227.63 -1041167.91,-746227.76 -1041167.99,-746230.25 -1041163.95,-746230.54 -1041164.13,-746230.633710335 -1041164.19194461,-746230.731395894 -1041164.247409,-746230.832609236 -1041164.29613915,-746230.936886757 -1041164.33791184,-746231.043750912 -1041164.37253579,-746231.152712226 -1041164.39985239,-746231.26327163 -1041164.41973653,-746231.374922782 -1041164.43209717,-746231.487154275 -1041164.43687764,-746231.599452108 -1041164.43405607,-746231.711301923 -1041164.42364541,-746231.822191447 -1041164.40569332,-746231.93161279 -1041164.38028201,-746232.039064795 -1041164.34752789,-746232.144055307 -1041164.30758098,-746232.246103436 -1041164.2606242,-746232.344741845 -1041164.20687265,-746232.439518731 -1041164.14657254,-746232.53 -1041164.08,-746233.36 -1041162.92,-746233.379147642 -1041162.80843372,-746233.390651191 -1041162.69582231,-746233.394457251 -1041162.5826889,-746233.39054811 -1041162.46955895,-746233.378941983 -1041162.35695809,-746233.359692722 -1041162.24540931,-746233.332889765 -1041162.13543084,-746233.298657626 -1041162.02753356,-746233.257155329 -1041161.92221868,-746233.208575666 -1041161.81997547,-746233.15314433 -1041161.72127882,-746233.091118753 -1041161.62658724,-746233.022787154 -1041161.53634062,-746232.948466897 -1041161.45095819,-746232.868503213 -1041161.37083656,-746232.783267617 -1041161.29634795,-746232.693156028 -1041161.22783835,-746232.598587059 -1041161.16562602,-746232.5 -1041161.11,-746232.2 -1041160.92,-746232.91 -1041159.77,-746220.84 -1041152.38)))
MULTIPOLYGON (((-746247.37 -1041183.8,-746245.57 -1041187.58,-746245.98 -1041187.78,-746245.47 -1041188.86,-746250.45 -1041191.19,-746250.26 -1041191.59,-746250.8 -1041191.85,-746253.69 -1041193.22,-746255.9 -1041194.27,-746257.57 -1041195.06,-746257.76 -1041194.65,-746262.76 -1041196.94,-746262.98 -1041196.47,-746263.39 -1041196.66,-746265.68 -1041191.87,-746265.27 -1041191.68,-746267.98 -1041186.01,-746262.56 -1041183.42,-746263.9 -1041180.63,-746264.7 -1041178.96,-746263.02 -1041178.19,-746262.48 -1041179.35,-746259.29 -1041177.83,-746257.68 -1041181.11,-746250.7 -1041177.84,-746247.78 -1041183.99,-746247.37 -1041183.8)))
MULTIPOLYGON (((-746455.54 -1040973.03,-746455.27 -1040979.03,-746463.12 -1040979.36,-746463.41 -1040971.93,-746460.76 -1040971.84,-746460.82 -1040969.83,-746462.16 -1040969.87,-746462.3 -1040965.53,-746460.96 -1040965.49,-746461.03 -1040963.08,-746453.78 -1040962.85,-746453.46 -1040972.93,-746455.54 -1040973.03)))
MULTIPOLYGON (((-746090.55 -1041013.96,-746086.24 -1041017.71,-746085 -1041016.28,-746082.38 -1041018.56,-746083.62 -1041019.99,-746080.52 -1041022.69,-746086.72 -1041029.81,-746088.66 -1041027.91,-746096.31 -1041020.62,-746090.55 -1041013.96)))
MULTIPOLYGON (((-746104.53 -1041026.01,-746098.37 -1041018.87,-746096.31 -1041020.62,-746088.66 -1041027.91,-746094.49 -1041034.67,-746104.53 -1041026.01)))
MULTIPOLYGON (((-746302.22 -1040881.34,-746302.53 -1040881.73,-746298.78 -1040885.17,-746306.7 -1040893.9,-746310.37 -1040890.53,-746309.81 -1040889.78,-746313.92 -1040886.15,-746316.27 -1040888.81,-746317.46 -1040887.76,-746318.81 -1040886.57,-746319.1 -1040886.32,-746317.18 -1040884.18,-746316.03 -1040882.99,-746308.83 -1040875.48,-746308.56 -1040875.73,-746308.46 -1040875.62,-746302.22 -1040881.34)))
MULTIPOLYGON (((-746315.88 -1040878.16,-746319.92 -1040874.54,-746320.48 -1040875.17,-746324.19 -1040871.71,-746316.28 -1040863,-746312.5 -1040866.41,-746312.19 -1040866.06,-746305.6 -1040872.2,-746308.59 -1040875.5,-746308.46 -1040875.62,-746308.56 -1040875.73,-746308.83 -1040875.48,-746316.03 -1040882.99,-746317.18 -1040881.87,-746318.29 -1040880.79,-746315.88 -1040878.16)))
MULTIPOLYGON (((-746519.88 -1041079.26,-746527.34 -1041074.83,-746522.42 -1041066.49,-746514.92 -1041070.89,-746515.14 -1041071.27,-746519.1 -1041077.87,-746519.88 -1041079.26)))
MULTIPOLYGON (((-746491.04 -1041095.67,-746487.78 -1041100.91,-746488.52 -1041101.38,-746491.2 -1041103.05,-746491.96 -1041103.53,-746492.32 -1041103.04,-746500.45 -1041108.12,-746503.22 -1041103.75,-746505.78 -1041099.71,-746493.32 -1041092,-746492.1 -1041093.97,-746491.04 -1041095.67)))
MULTIPOLYGON (((-746461.67 -1041077.92,-746460.29 -1041076.97,-746460.72 -1041076.33,-746457.98 -1041074.49,-746457.51 -1041075.12,-746449.78 -1041069.85,-746446.82 -1041074.09,-746447.07 -1041074.26,-746446.92 -1041074.48,-746443.91 -1041078.84,-746447.3 -1041081.15,-746446.52 -1041082.32,-746451.43 -1041085.64,-746452.3 -1041084.47,-746455.63 -1041086.77,-746460.12 -1041080.18,-746461.44 -1041078.26,-746461.67 -1041077.92)))
MULTIPOLYGON (((-746123.82 -1041073.64,-746121.3 -1041076.13,-746112.85 -1041084.46,-746113.09 -1041084.71,-746123.39 -1041095.27,-746134.4 -1041084.56,-746123.82 -1041073.64)))
MULTIPOLYGON (((-746095.85 -1041065.64,-746095.13 -1041066.15,-746098.52 -1041070.9,-746107.46 -1041064.56,-746103.73 -1041059.33,-746103.23 -1041059.62,-746102.41 -1041058.54,-746102.501216314 -1041058.41350702,-746102.583410656 -1041058.28097408,-746102.656184703 -1041058.14304358,-746102.71918571 -1041058.00038397,-746102.772108316 -1041057.85368672,-746102.814696044 -1041057.70366278,-746102.846742451 -1041057.55103934,-746102.868092269 -1041057.39655608,-746102.878641993 -1041057.24096176,-746102.878340453 -1041057.0850105,-746102.867189199 -1041056.92945814,-746102.845242202 -1041056.7750586,-746102.812605858 -1041056.6225602,-746102.769438326 -1041056.47270209,-746102.71594888 -1041056.32621056,-746102.652396738 -1041056.18379563,-746102.57908991 -1041056.04614753,-746102.496383697 -1041055.91393343,-746102.404678941 -1041055.78779408,-746102.304420143 -1041055.66834092,-746102.196093202 -1041055.55615282,-746102.080223173 -1041055.45177361,-746101.957371622 -1041055.35570911,-746101.82813397 -1041055.26842499,-746101.693136632 -1041055.19034421,-746101.553033858 -1041055.12184528,-746101.408504724 -1041055.06326014,-746101.260249704 -1041055.01487279,-746101.108987331 -1041054.97691768,-746100.955450773 -1041054.94957885,-746100.800384164 -1041054.93298873,-746100.644539028 -1041054.92722777,-746100.488670766 -1041054.93232387,-746100.333534777 -1041054.94825238,-746100.179882949 -1041054.97493599,-746100.028460077 -1041055.01224548,-746099.88 -1041055.06,-746099.17 -1041054.02,-746099.56 -1041053.62,-746095.89 -1041048.48,-746087.02 -1041054.78,-746089.08 -1041057.66,-746090.39 -1041059.49,-746091.1 -1041058.98,-746095.85 -1041065.64)))
MULTIPOLYGON (((-746294.36 -1040969.84,-746295.2 -1040957.16,-746292.76 -1040957,-746292.79 -1040956.01,-746283.6 -1040955.29,-746283.53 -1040956.38,-746281.05 -1040956.22,-746280.6 -1040963.03,-746280.05 -1040968.89,-746294.36 -1040969.84)))
MULTIPOLYGON (((-746184.52 -1041085.47,-746186.37 -1041082.48,-746181.22 -1041079.43,-746178.93 -1041078.07,-746173.53 -1041086.83,-746180.95 -1041091.21,-746181.39 -1041090.5,-746184.52 -1041085.47)))
MULTIPOLYGON (((-746281.42 -1041002.82,-746281.2 -1041002.71,-746281.13 -1041002.89,-746294.6 -1041007.93,-746294.66 -1041007.76,-746299.04 -1040995.9,-746296.73 -1040995.05,-746297.11 -1040994.02,-746288.39 -1040990.73,-746288.03 -1040991.79,-746285.68 -1040990.95,-746284.59 -1040994,-746283.35 -1040997.44,-746281.42 -1041002.82)))
MULTIPOLYGON (((-746259.96 -1041040.05,-746275.82 -1041045.95,-746280.04 -1041034.9,-746273.55 -1041032.48,-746274.09 -1041031.04,-746271.09 -1041029.92,-746270.55 -1041031.36,-746264.07 -1041028.95,-746263.3 -1041031.03,-746261.07 -1041037.06,-746259.96 -1041040.05)))
MULTIPOLYGON (((-746456.55 -1041008.85,-746456.52 -1041009.68,-746456.36 -1041012.21,-746456.27 -1041014.86,-746464.26 -1041015.17,-746468.37 -1041015.32,-746468.52 -1041009.49,-746467.11 -1041009.41,-746456.55 -1041008.85)))
MULTIPOLYGON (((-746246.05 -1041089.4,-746246.46 -1041089.61,-746251.79 -1041078.86,-746245.37 -1041075.69,-746245.81 -1041074.8,-746242.57 -1041073.2,-746242.13 -1041074.09,-746235.71 -1041070.92,-746230.35 -1041081.51,-746233.84 -1041083.26,-746233.71 -1041083.52,-746237.37 -1041085.36,-746239.17 -1041086.27,-746242.83 -1041088.11,-746242.96 -1041087.85,-746246.05 -1041089.4)))
MULTIPOLYGON (((-746094.44 -1040973.95,-746093.55 -1040975.5,-746083.66 -1040969.34,-746078.28 -1040978.55,-746078.79 -1040978.86,-746079.05 -1040978.43,-746082.48 -1040980.5,-746081.29 -1040982.47,-746084.72 -1040984.54,-746085.91 -1040982.57,-746089.4 -1040984.68,-746089.14 -1040985.11,-746089.64 -1040985.41,-746090.3 -1040984.57,-746097.81 -1040988.99,-746104.84 -1040977.14,-746097.91 -1040973.16,-746096.71 -1040975.26,-746094.44 -1040973.95)))
MULTIPOLYGON (((-746125.05 -1041006.32,-746131.17 -1040997.77,-746124.25 -1040992.71,-746122.64 -1040991.53,-746123.98 -1040989.65,-746124.07 -1040989.53,-746121.17 -1040987.57,-746118.98 -1040990.62,-746117.82 -1040992.23,-746116.21 -1040991.09,-746111.09 -1040998.61,-746120.12 -1041005.07,-746121.34 -1041003.6,-746125.05 -1041006.32)))
MULTIPOLYGON (((-746122.71 -1041053.02,-746129.34 -1041044.33,-746124.65 -1041040.74,-746126.25 -1041038.65,-746123.12 -1041036.26,-746121.52 -1041038.35,-746116.81 -1041034.75,-746113.85 -1041038.6,-746110.42 -1041043.07,-746110.08 -1041043.51,-746112.96 -1041045.68,-746112.33 -1041046.52,-746119.19 -1041051.68,-746119.82 -1041050.85,-746122.71 -1041053.02)))
MULTIPOLYGON (((-746149.44 -1041074.7,-746156.76 -1041064.06,-746151.48 -1041060.4,-746152.51 -1041058.91,-746149.67 -1041056.94,-746148.64 -1041058.42,-746143.36 -1041054.76,-746139.46 -1041060.48,-746136.09 -1041065.44,-746149.44 -1041074.7)))
MULTIPOLYGON (((-746153.74 -1041121.12,-746157.2 -1041117.24,-746156.68 -1041116.77,-746161.63 -1041111.23,-746155.66 -1041106.29,-746155.722895801 -1041106.18101037,-746155.778001365 -1041106.06788216,-746155.825045824 -1041105.95117125,-746155.863797992 -1041105.83145124,-746155.894067466 -1041105.70931041,-746155.915705472 -1041105.58534908,-746155.928605676 -1041105.46017638,-746155.932704657 -1041105.33440748,-746155.9279823 -1041105.20866045,-746155.914461821 -1041105.08355322,-746155.892209649 -1041104.95970067,-746155.861335128 -1041104.83771139,-746155.821989983 -1041104.71818492,-746155.774367601 -1041104.60170862,-746155.718701988 -1041104.48885494,-746155.655266732 -1041104.38017842,-746155.584373534 -1041104.27621317,-746155.506370813 -1041104.17747012,-746155.421641886 -1041104.08443448,-746155.330603152 -1041103.99756351,-746155.233702004 -1041103.91728407,-746155.131414652 -1041103.84399074,-746155.024243742 -1041103.77804366,-746154.912715971 -1041103.71976694,-746154.797379434 -1041103.66944697,-746154.678800911 -1041103.62733105,-746154.557563156 -1041103.59362611,-746154.434261948 -1041103.56849784,-746154.309503257 -1041103.55206966,-746154.183900148 -1041103.54442239,-746154.058069944 -1041103.54559353,-746153.932630926 -1041103.55557737,-746153.808199644 -1041103.57432485,-746153.685387522 -1041103.60174382,-746153.564798117 -1041103.63769954,-746153.447024047 -1041103.68201533,-746153.332644105 -1041103.73447335,-746153.222220361 -1041103.79481587,-746153.116295514 -1041103.86274631,-746153.015390098 -1041103.93793083,-746152.92 -1041104.02,-746149.92 -1041101.42,-746148.55 -1041103,-746141.42 -1041111.22,-746144.1 -1041113.48,-746143.55 -1041114.14,-746143.37 -1041114.35,-746149.52 -1041119.54,-746150.25 -1041118.67,-746152.95 -1041120.95,-746153.22 -1041120.65,-746153.74 -1041121.12)))
MULTIPOLYGON (((-746182.52 -1041143.19,-746183.24 -1041142.56,-746184.76 -1041140.67,-746185.49 -1041139.4,-746190.09 -1041133.76,-746183.98 -1041129.01,-746184.052722824 -1041128.90893532,-746184.1182372 -1041128.80305548,-746184.176225603 -1041128.69287369,-746184.226406872 -1041128.57892406,-746184.268537789 -1041128.46175894,-746184.302414119 -1041128.3419463,-746184.32787168 -1041128.22006688,-746184.344787031 -1041128.09671152,-746184.353078216 -1041127.97247812,-746184.352705002 -1041127.84796894,-746184.343669236 -1041127.72378749,-746184.326014668 -1041127.60053572,-746184.29982695 -1041127.47881111,-746184.26523295 -1041127.3592037,-746184.222400427 -1041127.24229327,-746184.171536952 -1041127.12864649,-746184.112889081 -1041127.01881433,-746184.046741158 -1041126.91332912,-746183.973413765 -1041126.81270221,-746183.893262386 -1041126.71742138,-746183.806675553 -1041126.62794852,-746183.714072943 -1041126.54471731,-746183.615903467 -1041126.46813118,-746183.51264298 -1041126.39856142,-746183.40479204 -1041126.33634526,-746183.292873442 -1041126.28178424,-746183.177429676 -1041126.23514286,-746183.05902037 -1041126.19664723,-746182.938219488 -1041126.16648394,-746182.815612614 -1041126.1447992,-746182.691794038 -1041126.13169813,-746182.567363948 -1041126.12724423,-746182.442925572 -1041126.13145912,-746182.319082051 -1041126.14432231,-746182.196433723 -1041126.16577148,-746182.075575113 -1041126.19570267,-746181.957092076 -1041126.23397076,-746181.841558933 -1041126.28039029,-746181.729535729 -1041126.3347362,-746181.621565491 -1041126.39674509,-746181.518171549 -1041126.46611637,-746181.419855147 -1041126.54251376,-746181.327092799 -1041126.62556694,-746181.240334255 -1041126.71487333,-746181.16 -1041126.81,-746178.02 -1041124.37,-746176.19 -1041126.69,-746170.02 -1041134.47,-746182.02 -1041143.88,-746182.52 -1041143.19)))
MULTIPOLYGON (((-746173.53 -1041086.83,-746178.93 -1041078.07,-746176.68 -1041076.74,-746171.5 -1041073.67,-746166.13 -1041082.46,-746173.53 -1041086.83)))
MULTIPOLYGON (((-746066.17 -1040997.31,-746064.67 -1040995.76,-746063.9 -1040996.51,-746062.26 -1040994.81,-746061.35 -1040995.68,-746058.19 -1040992.42,-746052.47 -1040997.95,-746055.63 -1041001.23,-746054.76 -1041002.08,-746057.61 -1041005,-746056.76 -1041005.84,-746063.06 -1041012.27,-746066.39 -1041015.68,-746073.07 -1041009.17,-746074.3 -1041010.43,-746076.75 -1041008.04,-746081.43 -1041003.39,-746079.62 -1041001.56,-746080.35 -1041000.34,-746077.18 -1040998.45,-746072.16 -1041003.38,-746066.17 -1040997.31)))
MULTIPOLYGON (((-746201.87 -1041091.06,-746198.82 -1041096.84,-746199.24 -1041097.06,-746196.98 -1041101.33,-746197.3 -1041101.5,-746210.48 -1041108.45,-746209.89 -1041109.56,-746223.28 -1041116.37,-746223.56 -1041116.52,-746226.08 -1041111.71,-746226.51 -1041111.94,-746229.15 -1041106.75,-746215.52 -1041099.61,-746216.08 -1041098.54,-746201.87 -1041091.06)))
MULTIPOLYGON (((-746321.37 -1041016.68,-746336.24 -1041022.28,-746336.44 -1041021.75,-746339.19 -1041014.45,-746339.62 -1041013.3,-746336.89 -1041012.31,-746337.49 -1041010.67,-746332.39 -1041008.8,-746330.44 -1041008.08,-746325.52 -1041006.28,-746323.65 -1041011.07,-746323.45267843 -1041011.00207494,-746323.251147457 -1041010.94790034,-746323.046364099 -1041010.90773344,-746322.839300692 -1041010.88176495,-746322.630940527 -1041010.8701182,-746322.42227292 -1041010.87284848,-746322.214288801 -1041010.88994282,-746322.007975727 -1041010.92132011,-746321.804313391 -1041010.96683127,-746321.604268879 -1041011.02626026,-746321.408792049 -1041011.09932482,-746321.218811184 -1041011.18567809,-746321.035228372 -1041011.28490993,-746320.858915329 -1041011.39654922,-746320.690709293 -1041011.52006578,-746320.531408965 -1041011.65487316,-746320.381770819 -1041011.80033118,-746320.242505371 -1041011.95574915,-746320.114273906 -1041012.1203891,-746319.997685373 -1041012.29346922,-746319.893293351 -1041012.47416764,-746319.801593542 -1041012.66162634,-746319.723021418 -1041012.85495517,-746319.657950014 -1041013.0532361,-746319.60668838 -1041013.25552762,-746319.569479883 -1041013.46086913,-746319.546501249 -1041013.66828564,-746319.537861556 -1041013.87679216,-746319.543601841 -1041014.08539864,-746319.563694835 -1041014.29311451,-746319.59804514 -1041014.49895346,-746319.64648968 -1041014.70193806,-746319.708798349 -1041014.90110442,-746319.7846753 -1041015.09550685,-746319.873760283 -1041015.28422219,-746319.975630194 -1041015.46635437,-746320.089801401 -1041015.64103854,-746320.21573168 -1041015.8074452,-746320.352823138 -1041015.96478418,-746320.500424713 -1041016.11230835,-746320.657835603 -1041016.2493172,-746320.824308306 -1041016.37516019,-746320.999052324 -1041016.48923971,-746321.181237924 -1041016.59101407,-746321.37 -1041016.68)))
MULTIPOLYGON (((-746550.27 -1041147.62,-746552.27 -1041143.94,-746554.26 -1041140.25,-746555.87 -1041137.29,-746550.62 -1041134.4,-746548.82 -1041133.42,-746547.48 -1041132.68,-746541.93 -1041143,-746546.76 -1041145.67,-746546.952553148 -1041145.88724303,-746547.159436439 -1041146.09088622,-746547.37969172 -1041146.27998641,-746547.612298787 -1041146.45366773,-746547.85618034 -1041146.6111258,-746548.110206813 -1041146.75163129,-746548.373201698 -1041146.87453344,-746548.643946886 -1041146.9792631,-746548.921188359 -1041147.06533511,-746549.203642184 -1041147.13235086,-746549.49 -1041147.18,-746550.27 -1041147.62)))
MULTIPOLYGON (((-746564.63 -1041143.61,-746562.46 -1041148,-746561.19 -1041150.56,-746564.59 -1041152.2,-746565.38 -1041152.58,-746565.317750562 -1041152.73391957,-746565.266081795 -1041152.891706,-746565.225231498 -1041153.05263293,-746565.195387781 -1041153.21595952,-746565.176687986 -1041153.38093388,-746565.169218212 -1041153.54679656,-746565.173012853 -1041153.71278399,-746565.188054442 -1041153.87813202,-746565.214273751 -1041154.04207948,-746565.251550048 -1041154.20387164,-746565.299711734 -1041154.36276367,-746565.358537137 -1041154.51802409,-746565.427755386 -1041154.66893816,-746565.507047862 -1041154.81481114,-746565.596049517 -1041154.95497149,-746565.69435069 -1041155.08877397,-746565.801498771 -1041155.21560264,-746565.917000532 -1041155.33487362,-746566.040324271 -1041155.44603783,-746566.170902222 -1041155.54858351,-746566.30813326 -1041155.6420386,-746566.451385696 -1041155.7259729,-746566.6 -1041155.8,-746566.769618422 -1041155.86776989,-746566.943597054 -1041155.92339908,-746567.12106812 -1041155.96661013,-746567.301146448 -1041155.9971875,-746567.482933789 -1041156.01497865,-746567.665523499 -1041156.01989487,-746567.848004848 -1041156.01191166,-746568.029467612 -1041155.99106881,-746568.209006786 -1041155.9574703,-746568.385726809 -1041155.91128367,-746568.558746248 -1041155.8527393,-746568.727202147 -1041155.78212926,-746568.890254259 -1041155.69980565,-746569.047089368 -1041155.60617915,-746569.196925133 -1041155.50171667,-746569.339014292 -1041155.38693932,-746569.472648114 -1041155.26241955,-746569.597160041 -1041155.12877843,-746569.711929029 -1041154.98668252,-746569.816382677 -1041154.83684059,-746569.91 -1041154.68,-746573.99 -1041156.68,-746578.23 -1041147.89,-746570.64 -1041144.2,-746572.3 -1041140.72,-746567.25 -1041138.31,-746567.48 -1041137.85,-746564.89 -1041136.81,-746562.28 -1041142.52,-746564.63 -1041143.61)))
MULTIPOLYGON (((-746588.97 -1041149.25,-746583.06 -1041161.19,-746594.3 -1041166.73,-746600.16 -1041154.84,-746595.86 -1041152.69,-746596.13 -1041152.16,-746593.54 -1041150.86,-746593.27 -1041151.4,-746588.97 -1041149.25)))
MULTIPOLYGON (((-746619.71 -1041169.78,-746620.83 -1041167.26,-746621.15 -1041167.4,-746621.19 -1041167.31,-746622.29 -1041165.05,-746621.8 -1041164.82,-746621.76 -1041164.92,-746616.98 -1041162.67,-746618.22 -1041159.86,-746612.01 -1041157.17,-746607.01 -1041168.59,-746608.1 -1041169.07,-746606.46 -1041172.73,-746615.35 -1041176.71,-746616.94 -1041173.15,-746617.13 -1041173.23,-746618.01 -1041171.26,-746617.83 -1041171.18,-746618.66 -1041169.31,-746619.71 -1041169.78)))
MULTIPOLYGON (((-746610.21 -1041086.28,-746608.24 -1041081.18,-746609.51 -1041080.69,-746609.42 -1041080.46,-746607.97 -1041076.73,-746607.56 -1041075.69,-746605.79 -1041076.38,-746605.76 -1041076.29,-746601 -1041078.16,-746601.04 -1041078.25,-746596.43 -1041080.06,-746600.11 -1041089.45,-746604.2 -1041087.85,-746604.45 -1041088.54,-746605.38 -1041088.17,-746609.28 -1041086.65,-746610.21 -1041086.28)))
MULTIPOLYGON (((-746581.16 -1041086.38,-746580.98 -1041085.95,-746580.57 -1041086.13,-746580.53 -1041086.04,-746578.09 -1041087.07,-746578.13 -1041087.16,-746577.7 -1041087.34,-746577.88 -1041087.76,-746577.09 -1041088.1,-746573.87 -1041089.46,-746572.86 -1041089.89,-746577.84 -1041101.71,-746582.35 -1041099.79,-746582.62 -1041100.44,-746586.9 -1041098.62,-746586.63 -1041097.97,-746591.16 -1041096.05,-746586.18 -1041084.25,-746581.16 -1041086.38)))
MULTIPOLYGON (((-746555.7 -1041098.43,-746553.08 -1041099.86,-746548.01 -1041102.61,-746552.61 -1041111.61,-746553 -1041111.4,-746553.37 -1041112.09,-746556 -1041110.67,-746555.63 -1041109.98,-746559.21 -1041108,-746559.75 -1041109.01,-746563.4 -1041107.05,-746562.86 -1041106.04,-746565.47 -1041104.68,-746563.36 -1041100.67,-746560.8 -1041095.67,-746555.7 -1041098.43)))
MULTIPOLYGON (((-746503.96 -1040970.48,-746503.87 -1040971.96,-746500.37 -1040971.94,-746495.97 -1040971.91,-746489.27 -1040971.86,-746489.14 -1040982.27,-746504.28 -1040982.44,-746504.33 -1040980.98,-746518.89 -1040981.16,-746518.98 -1040979.71,-746533.66 -1040979.81,-746533.74 -1040969.45,-746527.06 -1040969.33,-746522.67 -1040969.25,-746518.58 -1040969.18,-746518.52 -1040970.66,-746515.14 -1040970.62,-746510.71 -1040970.56,-746503.96 -1040970.48)))
MULTIPOLYGON (((-746275.12 -1040908.19,-746284.04 -1040916.09,-746285.95 -1040913.96,-746285.68 -1040913.72,-746286.37 -1040912.95,-746286.64 -1040913.18,-746286.81 -1040912.99,-746291.29 -1040907.81,-746285.41 -1040902.59,-746286.01 -1040901.92,-746283.87 -1040900.03,-746283.28 -1040900.7,-746277.62 -1040895.67,-746271.96 -1040890.65,-746272.55 -1040889.98,-746270.49 -1040888.14,-746269.89 -1040888.81,-746264.02 -1040883.6,-746256.72 -1040891.89,-746270.38 -1040903.99,-746275.12 -1040908.19)))
MULTIPOLYGON (((-746237.78 -1040870.09,-746229.8 -1040877.79,-746242.84 -1040891.3,-746250.86 -1040883.56,-746245.21 -1040877.74,-746246.04 -1040876.94,-746244.14 -1040874.96,-746243.3 -1040875.77,-746237.78 -1040870.09)))
MULTIPOLYGON (((-746246.77 -1040924.88,-746244.43 -1040923.51,-746243.99 -1040924.27,-746237.05 -1040920.21,-746231.46 -1040929.75,-746247.69 -1040939.13,-746253.14 -1040929.61,-746246.33 -1040925.63,-746246.77 -1040924.88)))
MULTIPOLYGON (((-746205.39 -1040920.44,-746218.64 -1040933.74,-746226.39 -1040926.19,-746220.68 -1040920.35,-746221.95 -1040919.12,-746219.97 -1040917.09,-746218.7 -1040918.33,-746213.03 -1040912.53,-746205.39 -1040920.44)))
MULTIPOLYGON (((-746184.33 -1040934.63,-746185.07 -1040934.16,-746183.6 -1040931.81,-746182.85 -1040932.28,-746178.52 -1040925.41,-746169.29 -1040931.5,-746179.31 -1040947.19,-746188.57 -1040941.36,-746184.33 -1040934.63)))
MULTIPOLYGON (((-746198.44 -1040952.2,-746191.39 -1040960.68,-746205.65 -1040972.69,-746212.99 -1040964.3,-746206.79 -1040959.15,-746207.36 -1040958.46,-746205.23 -1040956.69,-746204.66 -1040957.37,-746198.44 -1040952.2)))
MULTIPOLYGON (((-746225.86 -1040971.23,-746222.02 -1040981.6,-746239.56 -1040988.07,-746243.55 -1040977.75,-746236.05 -1040974.98,-746236.36 -1040974.14,-746233.73 -1040973.17,-746233.42 -1040974.02,-746225.86 -1040971.23)))
MULTIPOLYGON (((-746551.43 -1041013.54,-746551.65 -1041008.04,-746547.95 -1041007.91,-746547.9 -1041007.17,-746541.42 -1041006.93,-746538.46 -1041006.83,-746531.93 -1041006.59,-746531.98 -1041007.32,-746528.22 -1041007.24,-746527.98 -1041012.79,-746529.22 -1041012.84,-746529 -1041021.67,-746549.82 -1041022.24,-746550.2 -1041013.53,-746551.43 -1041013.54)))
MULTIPOLYGON (((-746511.26 -1041024.18,-746511.61 -1041015.56,-746512.93 -1041015.58,-746513.21 -1041009.98,-746509.51 -1041009.79,-746509.46 -1041009.06,-746502.97 -1041008.8,-746500.13 -1041008.69,-746493.65 -1041008.43,-746493.7 -1041009.15,-746489.79 -1041008.89,-746489.53 -1041014.46,-746490.78 -1041014.52,-746490.4 -1041023.33,-746511.26 -1041024.18)))
MULTIPOLYGON (((-746423.42 -1041036.19,-746425.67 -1041037.02,-746426.36 -1041035.16,-746423.34 -1041034.05,-746424.32 -1041031.36,-746422.15 -1041030.57,-746422.3 -1041030.19,-746417.65 -1041028.5,-746419.05 -1041024.67,-746414.38 -1041022.97,-746408.11 -1041040.13,-746412.56 -1041041.75,-746412.85 -1041040.95,-746420.64 -1041043.8,-746420.93 -1041043.01,-746423.3 -1041036.51,-746423.42 -1041036.19)))
MULTIPOLYGON (((-746551.01 -1041062.35,-746547.96 -1041056.18,-746546.58 -1041053.38,-746536.31 -1041058.45,-746540.92 -1041067.72,-746551.13 -1041062.59,-746551.01 -1041062.35)))
MULTIPOLYGON (((-746496.27 -1041154.3,-746501.16 -1041157.04,-746507.62 -1041145.44,-746496.91 -1041139.5,-746491.63 -1041148.89,-746497.47 -1041152.17,-746496.27 -1041154.3)))
MULTIPOLYGON (((-746273.33 -1041138.64,-746272.68 -1041140.18,-746280.97 -1041144.11,-746281.37 -1041144.29,-746287.61 -1041129.45,-746287.69 -1041129.26,-746285.33 -1041128.22,-746281.61 -1041126.65,-746274.75 -1041123.83,-746271.23 -1041132.21,-746271.62 -1041132.38,-746271.7 -1041132.19,-746275.39 -1041133.74,-746273.5 -1041138.24,-746271.71 -1041137.49,-746271.54 -1041137.89,-746273.33 -1041138.64)))
MULTIPOLYGON (((-746569.27 -1041054.79,-746562.92 -1041042.2,-746558.08 -1041044.63,-746564.4 -1041057.23,-746569.27 -1041054.79)))
MULTIPOLYGON (((-746574.54 -1041052.15,-746568.2 -1041039.55,-746562.92 -1041042.2,-746569.27 -1041054.79,-746574.54 -1041052.15)))
MULTIPOLYGON (((-746558.92 -1041182.45,-746562.23 -1041175.15,-746567.92 -1041178.12,-746570.46 -1041172.83,-746564.54 -1041169.96,-746562.31 -1041174.31,-746554.58 -1041170.5,-746555.17 -1041169.17,-746548.16 -1041165.82,-746547.53 -1041167.17,-746544.83 -1041165.91,-746540.11 -1041175.88,-746544.07 -1041177.71,-746543.57 -1041178.78,-746548.01 -1041180.86,-746548.51 -1041179.79,-746552.42 -1041181.63,-746553.27 -1041179.83,-746558.92 -1041182.45)))
MULTIPOLYGON (((-746426.42 -1041268.98,-746426.23 -1041257.36,-746413.9 -1041257.69,-746414.12 -1041269.3,-746426.42 -1041268.98)))
MULTIPOLYGON (((-746393.25 -1041014.51,-746373.51 -1041006.94,-746362.42 -1041035.93,-746382.12 -1041043.43,-746393.25 -1041014.51)))
MULTIPOLYGON (((-746472.21 -1041082.08,-746469.81 -1041085.87,-746467.73 -1041084.56,-746465.21 -1041088.47,-746467.22 -1041089.78,-746464.86 -1041093.53,-746475.48 -1041100.28,-746482.89 -1041088.98,-746472.21 -1041082.08)))
MULTIPOLYGON (((-746367.35 -1040913.67,-746353.42 -1040912.85,-746353.86 -1040905.42,-746358.59 -1040905.7,-746358.65 -1040904.84,-746327.78 -1040903,-746327.16 -1040913.41,-746327.29 -1040913.42,-746326.9 -1040919.37,-746342.27 -1040920.28,-746341.13 -1040939.1,-746348.8 -1040939.56,-746349.16 -1040933.39,-746349.48 -1040927.98,-746366.44 -1040929,-746367.35 -1040913.67)))
MULTIPOLYGON (((-746463.41 -1040971.93,-746463.12 -1040979.36,-746471.03 -1040979.69,-746471.37 -1040973.67,-746473.68 -1040973.8,-746474 -1040963.44,-746466.86 -1040963.21,-746466.58 -1040972.03,-746463.41 -1040971.93)))
MULTIPOLYGON (((-746316.6 -1041141.41,-746318.09 -1041142.04,-746318.36 -1041142.15,-746320.81 -1041136.38,-746320.52 -1041136.26,-746317.19 -1041134.86,-746315.27 -1041139.42,-746314.76 -1041140.63,-746316.6 -1041141.41)))
MULTIPOLYGON (((-746332.22 -1041049.93,-746334.29 -1041044.46,-746331.3 -1041043.34,-746329.21 -1041048.77,-746332.22 -1041049.93)))
MULTIPOLYGON (((-746271.84 -1040938.56,-746272 -1040937.88,-746269.04 -1040937.17,-746268.88 -1040937.85,-746268.716885591 -1040937.92216204,-746268.558963428 -1040938.00507324,-746268.406940967 -1040938.09836227,-746268.261499107 -1040938.20161119,-746268.123289347 -1040938.31435752,-746267.9929308 -1040938.43609628,-746267.871007383 -1040938.56628212,-746267.758065194 -1040938.70433187,-746267.654610217 -1040938.84962723,-746267.561105788 -1040939.00151733,-746267.477970779 -1040939.15932178,-746267.4055776 -1040939.32233372,-746267.34425047 -1040939.48982301,-746267.294264167 -1040939.66103938,-746267.255842537 -1040939.83521587,-746267.229157716 -1040940.0115723,-746267.214329213 -1040940.18931872,-746267.211423457 -1040940.36765894,-746267.220453471 -1040940.5457941,-746267.241378814 -1040940.72292626,-746267.274105757 -1040940.89826199,-746267.318487674 -1040941.07101592,-746267.374325782 -1040941.2404142,-746267.441369951 -1040941.40569806,-746267.519319892 -1040941.56612712,-746267.607826412 -1040941.72098276,-746267.70649308 -1040941.86957133,-746267.814877927 -1040942.01122725,-746267.932495445 -1040942.145316,-746268.058818817 -1040942.27123693,-746268.193282157 -1040942.38842604,-746268.33528319 -1040942.49635833,-746268.484185795 -1040942.59455039,-746268.63932305 -1040942.68256233,-746268.8 -1040942.76,-746268.970569016 -1040942.82023761,-746269.144815804 -1040942.8688219,-746269.321945161 -1040942.90553117,-746269.50114876 -1040942.93019783,-746269.681608796 -1040942.94270939,-746269.8625018 -1040942.94300866,-746270.043002277 -1040942.93109438,-746270.222286522 -1040942.90702087,-746270.399536341 -1040942.87089798,-746270.573942959 -1040942.82289058,-746270.744710386 -1040942.76321772,-746270.911059409 -1040942.69215173,-746271.072230875 -1040942.61001688,-746271.227489293 -1040942.51718807,-746271.37612617 -1040942.41408885,-746271.517463177 -1040942.30118969,-746271.650855362 -1040942.17900583,-746271.775694013 -1040942.04809487,-746271.891409427 -1040941.90905416,-746271.997473508 -1040941.76251826,-746272.093402296 -1040941.6091558,-746272.178757995 -1040941.44966671,-746272.253151089 -1040941.28477874,-746272.316242128 -1040941.11524442,-746272.367743164 -1040940.94183734,-746272.407419175 -1040940.76534885,-746272.435089111 -1040940.58658436,-746272.450626701 -1040940.40635964,-746272.453961074 -1040940.2254971,-746272.445076972 -1040940.04482216,-746272.424014926 -1040939.86515924,-746272.390871107 -1040939.68732825,-746272.345796704 -1040939.51214072,-746272.288997441 -1040939.34039611,-746272.22073254 -1040939.17287815,-746272.141313463 -1040939.01035127,-746272.05110267 -1040938.85355718,-746271.950511814 -1040938.70321137,-746271.84 -1040938.56)))
MULTIPOLYGON (((-746569.16 -1041097.81,-746572.91 -1041096.39,-746570.36 -1041089.53,-746566.56 -1041090.97,-746569.16 -1041097.81)))
MULTIPOLYGON (((-746264.29 -1041197.64,-746262.76 -1041196.94,-746257.76 -1041194.65,-746257.57 -1041195.06,-746255.13 -1041200.3,-746254.98 -1041200.62,-746255.72 -1041200.98,-746258.53 -1041202.32,-746261.4 -1041203.56,-746261.81 -1041203.72,-746261.93 -1041203.45,-746264.29 -1041197.64)))
MULTIPOLYGON (((-746313.19 -1040905.2,-746309.72 -1040904.98,-746309.27 -1040911.58,-746312.63 -1040911.85,-746313.19 -1040905.2)))
MULTIPOLYGON (((-746596.32 -1041175,-746602.03 -1041177.61,-746604.5 -1041172.08,-746602.29 -1041171.09,-746603.33 -1041168.78,-746600.27 -1041167.16,-746596.32 -1041175)))
MULTIPOLYGON (((-746140.48 -1041023.29,-746137.69 -1041021.18,-746133.6 -1041026.57,-746136.4 -1041028.63,-746140.48 -1041023.29)))
MULTIPOLYGON (((-746182.57 -1041145.84,-746179.52 -1041143.43,-746175.28 -1041148.82,-746178.35 -1041151.23,-746182.57 -1041145.84)))
MULTIPOLYGON (((-746435.4 -1041265.82,-746432.42 -1041265.96,-746432.53 -1041268.35,-746435.51 -1041268.21,-746435.4 -1041265.82)))
MULTIPOLYGON (((-746131.99 -1041044.51,-746134.53 -1041047.11,-746134.89 -1041046.76,-746134.79 -1041046.65,-746138.73 -1041042.9,-746138.63 -1041042.79,-746136.35 -1041040.41,-746131.99 -1041044.51)))
MULTIPOLYGON (((-746138.63 -1041042.79,-746138.73 -1041042.9,-746134.79 -1041046.65,-746134.89 -1041046.76,-746137.23 -1041049.16,-746141.54 -1041044.99,-746138.99 -1041042.43,-746138.63 -1041042.79)))
MULTIPOLYGON (((-746546.17 -1041106.31,-746542.94 -1041100.61,-746539.8 -1041102.39,-746543.03 -1041108.09,-746543.29 -1041107.94,-746546.17 -1041106.31)))
MULTIPOLYGON (((-746143 -1041025.2,-746140.48 -1041023.29,-746136.4 -1041028.63,-746139.02 -1041030.61,-746143 -1041025.2)))
MULTIPOLYGON (((-746297.93 -1041126.76,-746295.52 -1041132.46,-746296.77 -1041132.97,-746298.74 -1041133.79,-746299.04 -1041133.91,-746301.54 -1041128.29,-746301.15 -1041128.12,-746299.92 -1041127.61,-746297.93 -1041126.76)))
MULTIPOLYGON (((-746218.38 -1041074.48,-746214.91 -1041072.43,-746211.9 -1041077.5,-746215.39 -1041079.56,-746218.38 -1041074.48)))
MULTIPOLYGON (((-746539.8 -1041102.39,-746534.25 -1041105.8,-746537.51 -1041111.21,-746543.03 -1041108.09,-746539.8 -1041102.39)))
MULTIPOLYGON (((-746214.91 -1041072.43,-746211.41 -1041070.36,-746208.41 -1041075.45,-746211.9 -1041077.5,-746214.91 -1041072.43)))
MULTIPOLYGON (((-746221.27 -1041076.1,-746218.48 -1041081.09,-746221.49 -1041082.77,-746224.28 -1041077.78,-746221.27 -1041076.1)))
MULTIPOLYGON (((-746105.81 -1040997.27,-746098.19 -1040992.35,-746095.05 -1040997.22,-746102.61 -1041002.09,-746105.61 -1040997.57,-746105.81 -1040997.27)))
MULTIPOLYGON (((-746546.63 -1041187.38,-746546.61 -1041193.91,-746549.96 -1041193.86,-746549.94 -1041187.31,-746546.63 -1041187.38)))
MULTIPOLYGON (((-746336.87 -1041143.13,-746335.04 -1041147.43,-746334.49 -1041148.72,-746335.48 -1041149.13,-746336.68 -1041149.64,-746337.86 -1041150.13,-746340.21 -1041144.54,-746336.87 -1041143.13)))
MULTIPOLYGON (((-746337.28 -1041045.58,-746334.29 -1041044.46,-746332.22 -1041049.93,-746335.22 -1041051.08,-746337.28 -1041045.58)))
MULTIPOLYGON (((-746376.41 -1040980.18,-746365.2 -1040977.64,-746363.73 -1040984.1,-746374.95 -1040986.61,-746376.24 -1040980.93,-746376.41 -1040980.18)))
MULTIPOLYGON (((-746318.78 -1040912.34,-746317.47 -1040932.3,-746318.32 -1040932.36,-746326.15 -1040932.73,-746326.79 -1040920.32,-746326.9 -1040919.37,-746327.29 -1040913.42,-746327.16 -1040913.41,-746318.78 -1040912.34)))
MULTIPOLYGON (((-746425.88 -1041281.38,-746417.77 -1041280.98,-746417.66 -1041283.04,-746417.56 -1041284.77,-746425.67 -1041285.22,-746425.69 -1041284.9,-746425.88 -1041281.38)))
MULTIPOLYGON (((-746261.81 -1041203.72,-746270.19 -1041207.02,-746273.39 -1041200.8,-746264.48 -1041197.23,-746264.29 -1041197.64,-746261.93 -1041203.45,-746261.81 -1041203.72)))
MULTIPOLYGON (((-746188.57 -1041150.55,-746185.49 -1041148.14,-746181.27 -1041153.52,-746184.35 -1041155.93,-746188.57 -1041150.55)))
MULTIPOLYGON (((-746160.75 -1040978.32,-746158.64 -1040976.23,-746154.32 -1040980.58,-746156.44 -1040982.68,-746160.75 -1040978.32)))
MULTIPOLYGON (((-746158.05 -1040975.65,-746156.52 -1040974.13,-746152.21 -1040978.49,-746153.85 -1040980.12,-746154.32 -1040980.58,-746158.64 -1040976.23,-746158.05 -1040975.65)))
MULTIPOLYGON (((-746298.25 -1040914.77,-746300.01 -1040916.35,-746300.38 -1040915.94,-746291.29 -1040907.81,-746286.81 -1040912.99,-746294.04 -1040919.47,-746294.17 -1040919.32,-746295.94 -1040920.9,-746298.69 -1040917.83,-746296.93 -1040916.24,-746298.25 -1040914.77)))
MULTIPOLYGON (((-746156.52 -1040974.13,-746154.33 -1040971.96,-746150.02 -1040976.32,-746152.21 -1040978.49,-746156.52 -1040974.13)))
MULTIPOLYGON (((-746429.7 -1041001.92,-746434.12 -1041002.79,-746435.85 -1040994.35,-746428.82 -1040992.9,-746427.08 -1041001.4,-746429.7 -1041001.92)))
MULTIPOLYGON (((-746291.9 -1041130.99,-746295.52 -1041132.46,-746297.93 -1041126.76,-746294.31 -1041125.22,-746291.9 -1041130.99)))
MULTIPOLYGON (((-746162.84 -1040980.39,-746160.75 -1040978.32,-746156.44 -1040982.68,-746158.53 -1040984.75,-746162.84 -1040980.39)))
MULTIPOLYGON (((-746144.31 -1041034.56,-746148.26 -1041029.22,-746145.54 -1041027.15,-746141.58 -1041032.54,-746144.31 -1041034.56)))
MULTIPOLYGON (((-746297.39 -1041112.07,-746295.35 -1041116.93,-746298.4 -1041118.22,-746300.57 -1041113.06,-746297.52 -1041111.77,-746297.39 -1041112.07)))
MULTIPOLYGON (((-746252.45 -1041005.47,-746256.57 -1041007,-746259.94 -1041008.25,-746261.93 -1041008.96,-746264.46 -1041002.17,-746255 -1040998.67,-746252.45 -1041005.47)))
MULTIPOLYGON (((-746178.35 -1041151.23,-746181.27 -1041153.52,-746185.49 -1041148.14,-746182.57 -1041145.84,-746178.35 -1041151.23)))
MULTIPOLYGON (((-746309.72 -1040904.98,-746306.31 -1040904.73,-746305.86 -1040911.35,-746309.27 -1040911.58,-746309.72 -1040904.98)))
MULTIPOLYGON (((-746141.58 -1041032.54,-746145.54 -1041027.15,-746143 -1041025.2,-746139.02 -1041030.61,-746141.58 -1041032.54)))
MULTIPOLYGON (((-746372.24 -1041065.69,-746377.85 -1041068.09,-746378.15 -1041067.37,-746380.29 -1041062.35,-746374.65 -1041059.82,-746372.24 -1041065.69)))
MULTIPOLYGON (((-746253.11 -1041023.46,-746249.82 -1041022.2,-746247.72 -1041027.92,-746251 -1041029.14,-746253.11 -1041023.46)))
MULTIPOLYGON (((-746289.12 -1041019.09,-746296.24 -1041021.74,-746299.06 -1041014.09,-746291.93 -1041011.41,-746289.12 -1041019.09)))
MULTIPOLYGON (((-746506.63 -1041192.97,-746506.67 -1041199.22,-746510.23 -1041199.19,-746510.09 -1041192.91,-746506.63 -1041192.97)))
MULTIPOLYGON (((-746553.3 -1041193.81,-746553.25 -1041187.24,-746549.94 -1041187.31,-746549.96 -1041193.86,-746553.3 -1041193.81)))
MULTIPOLYGON (((-746168.57 -1041066.5,-746165.61 -1041069.85,-746168.21 -1041072.23,-746172.24 -1041067.75,-746169.66 -1041065.46,-746168.57 -1041066.5)))
MULTIPOLYGON (((-746404.17 -1041032.75,-746399.08 -1041030.82,-746396.98 -1041036.35,-746402.07 -1041038.28,-746404.17 -1041032.75)))
MULTIPOLYGON (((-746525.07 -1041098.01,-746519.61 -1041092.95,-746513.96 -1041096.75,-746518.13 -1041102.68,-746525.07 -1041098.01)))
MULTIPOLYGON (((-746288.66 -1041044.86,-746286.04 -1041049.47,-746285.55 -1041050.23,-746288.31 -1041051.86,-746288.43 -1041051.66,-746288.56 -1041051.73,-746289.74 -1041049.7,-746290.8 -1041050.28,-746292.57 -1041046.91,-746288.66 -1041044.86)))
